video_hashid,time_in_extended_iso,body_score,face_score,hands_score,body_in_image,face_in_image,hands_in_image,threshold_used
00220001_2024-02-24_1_fc24ce9224,0:03:13,0.25,0.29,0.27,False,False,False,0.4
00220001_2024-03-06_2_3c7be5ff5c,0:04:59,0.37,0.46,0.6,False,True,True,0.4
00220001_2024-03-06_2_3c7be5ff5c,0:08:39,0.45,0.49,0.48,True,True,True,0.4
00220001_2024-03-19_2_1da2057f02,0:00:22,0.34,0.38,0.26,False,False,False,0.4
00220001_2024-03-30_2_3fdb1b3622,0:11:30,0.17,0.2,0.2,False,False,False,0.4
00220001_2024-05-08_2_bcae75f8f3,0:02:19,0.89,0.92,0.91,True,True,True,0.4
00220001_2024-05-26_1_f2b5118b98,0:04:03,0.44,0.28,0.49,True,False,True,0.4
00220001_2024-05-26_2_85d5666822,0:00:31,0.24,0.26,0.24,False,False,False,0.4
00220001_2024-07-05_1_e8b6250682,0:09:58,0.48,0.55,0.26,True,True,False,0.4
00220001_2024-08-05_1_77e211eebe,0:09:59,0.42,0.27,0.97,True,False,True,0.4
00220001_2024-08-28_1_ec7478e4eb,0:00:38,0.9,0.97,0.95,True,True,True,0.4
00220001_2024-08-28_2_37a58c151b,0:01:23,0.56,0.67,0.66,True,True,True,0.4
00220001_2024-09-13_2_b7c80252e1,0:01:41,0.22,0.28,0.51,False,False,True,0.4
00220001_2024-09-18_1_8ea91e9de8,0:00:32,0.16,0.48,0.37,False,True,False,0.4
00220001_2024-09-18_2_1f75067b2f,0:01:04,0.33,0.39,0.38,False,False,False,0.4
00220001_2024-09-26_2_98e466e7c1,0:01:41,0.79,0.81,0.81,True,True,True,0.4
00220001_2024-10-09_1_bc6b698990,0:01:48,0.35,0.41,0.75,False,True,True,0.4
00220001_2024-11-07_1_9b56400ffe,0:04:50,0.16,0.18,0.14,False,False,False,0.4
00220001_2024-11-14_1_1d711c824f,0:00:59,0.14,0.18,0.22,False,False,False,0.4
00220001_2024-11-14_2_b4560c4d1b,0:01:49,0.26,0.29,0.24,False,False,False,0.4
00230001_2023-11-05_1_b8061aa951,0:03:25,0.29,0.42,0.37,False,True,False,0.4
00230001_2023-11-05_5_bf0a94e574,0:03:30,0.31,0.32,0.34,False,False,False,0.4
00230001_2023-12-10_2_a79f4237bb,0:07:56,0.29,0.33,0.3,False,False,False,0.4
00240001_2023-11-05_1_708bf351d3,0:00:15,0.3,0.17,0.76,False,False,True,0.4
00240001_2023-11-05_1_708bf351d3,0:05:12,0.33,0.24,0.66,False,False,True,0.4
00240001_2023-11-05_1_708bf351d3,0:16:11,0.22,0.21,0.19,False,False,False,0.4
00240001_2023-11-05_1_708bf351d3,0:17:58,0.52,0.52,0.5,True,True,True,0.4
00240001_2023-11-19_3_dafe04f2db,0:06:19,0.4,0.37,0.73,True,False,True,0.4
00240001_2023-11-20_1_718137a969,0:01:51,0.21,0.19,0.18,False,False,False,0.4
00240001_2023-11-25_1_816879891f,0:01:13,0.82,1.0,0.96,True,True,True,0.4
00240001_2023-11-26_2_35d3ee6295,0:03:20,0.84,0.95,0.93,True,True,True,0.4
00240001_2023-12-03_1_1a6d82f04c,0:12:15,0.27,0.14,0.41,False,False,True,0.4
00240001_2023-12-29_1_998f497bf4,0:06:13,1.03,1.07,1.05,True,True,True,0.4
00240001_2024-01-05_1_afe6cf55c4,0:00:12,0.2,0.18,0.23,False,False,False,0.4
00240001_2024-01-13_3_fcb9ed7353,0:08:33,0.18,0.31,0.21,False,False,False,0.4
00240001_2024-02-06_2_20a002f62b,0:11:17,0.41,0.14,0.7,True,False,True,0.4
00240001_2024-02-06_2_20a002f62b,0:14:29,0.55,0.23,0.71,True,False,True,0.4
00240001_2024-02-11_1_a8a22f0a7a,0:07:33,0.97,1.05,1.01,True,True,True,0.4
00240001_2024-02-18_2_143aef4889,0:09:54,0.61,0.88,0.82,True,True,True,0.4
00240001_2024-03-10_3_9a94b547dc,0:09:15,0.44,0.52,0.49,True,True,True,0.4
00240001_2024-03-17_2_4268b739c2,0:07:36,0.93,1.07,1.01,True,True,True,0.4
00240001_2024-03-17_4_e05ee3a929,0:09:06,0.15,0.33,0.32,False,False,False,0.4
00240001_2024-04-14_3_11e3f19fec,0:04:36,0.23,0.24,0.22,False,False,False,0.4
00240001_2024-04-21_3_a582f3bbdb,0:10:18,0.89,0.96,0.93,True,True,True,0.4
00240001_2024-04-28_3_d982fa38bc,0:04:52,0.91,0.99,0.97,True,True,True,0.4
00240001_2024-05-19_3_74a9e32e6f,0:03:19,0.24,0.31,0.3,False,False,False,0.4
00240001_2024-06-05_2_c29ec1fd6d,0:01:21,0.13,0.21,0.15,False,False,False,0.4
00240001_2024-06-05_3_275e142e5e,0:01:17,0.9,0.94,0.93,True,True,True,0.4
00240001_2024-06-05_3_275e142e5e,0:16:21,0.22,0.18,0.16,False,False,False,0.4
00240001_2024-06-16_1_24df82f2ad,0:07:17,0.93,1.06,1.04,True,True,True,0.4
00240001_2024-06-23_4_4d0958289b,0:13:21,0.35,0.44,0.51,False,True,True,0.4
00240001_2024-06-24_3_49e03fdc6d,0:08:36,0.94,0.99,0.94,True,True,True,0.4
00240001_2024-06-24_4_d106712b8e,0:10:05,0.18,0.28,0.15,False,False,False,0.4
00240001_2024-07-07_1_7c96f4c291,0:05:51,0.93,1.0,1.0,True,True,True,0.4
00240001_2024-07-07_2_50c9da173f,0:01:14,0.89,1.04,1.02,True,True,True,0.4
00240001_2024-07-12_2_2ae5376696,0:00:43,0.92,1.02,0.99,True,True,True,0.4
00240001_2024-07-14_2_5eff107cb8,0:06:42,0.2,0.21,0.17,False,False,False,0.4
00240001_2024-08-04_2_31edd349f9,0:04:39,0.43,0.56,0.25,True,True,False,0.4
00240001_2024-08-25_1_f311ca1501,0:04:34,0.81,0.86,0.81,True,True,True,0.4
00240001_2024-08-25_1_f311ca1501,0:05:47,0.37,0.48,0.45,False,True,True,0.4
00240001_2024-09-08_1_f4bbe29daa,0:07:58,0.95,1.07,1.04,True,True,True,0.4
00240001_2024-09-22_2_3511069749,0:08:55,0.26,0.34,0.24,False,False,False,0.4
00240001_2024-10-06_2_cd14109f43,0:02:12,0.24,0.38,0.6,False,False,True,0.4
00240001_2024-10-06_3_6c66db99a8,0:04:51,0.72,0.82,0.82,True,True,True,0.4
00240001_2024-10-24_2_d20e1fe870,0:02:19,0.17,0.25,0.24,False,False,False,0.4
00240001_2024-11-03_2_d90e24b7c0,0:19:08,0.91,1.0,1.0,True,True,True,0.4
00240001_2024-11-06_2_3a7315e875,0:10:36,0.96,1.03,1.01,True,True,True,0.4
00240001_2024-11-15_3_ca95101c24,0:03:34,0.26,0.31,0.35,False,False,False,0.4
00240001_2024-11-24_1_059ae62957,0:01:09,0.37,0.39,0.37,False,False,False,0.4
00240001_2024-12-06_1_c4af2793ed,0:14:39,0.23,0.17,0.68,False,False,True,0.4
00240001_2024-12-06_3_608b6c115a,0:12:20,0.21,0.22,0.39,False,False,False,0.4
00240001_2024-12-15_1_70d8ac4823,0:10:06,0.25,0.32,0.28,False,False,False,0.4
00270001_2023-04-02_1_ba0dbdd306,0:10:35,0.26,0.32,0.29,False,False,False,0.4
00270001_2023-06-07_H15M37S08_6b1d7d125e,0:02:04,0.22,0.24,0.29,False,False,False,0.4
00270001_2023-06-10_H18M09S22_0f9cad757f,0:02:55,0.13,0.12,0.22,False,False,False,0.4
00270001_2023-06-10_H18M09S22_0f9cad757f,0:04:53,0.19,0.35,0.37,False,False,False,0.4
00270001_2023-06-11_H09M16S10_ebba98c7e5,0:04:32,0.2,0.26,0.28,False,False,False,0.4
00270001_2023-07-04_H15M46S26_9c1a319c33,0:01:02,0.81,0.96,0.9,True,True,True,0.4
00270001_2023-07-06_H06M52S30_214a7ec81a,0:04:20,0.15,0.16,0.13,False,False,False,0.4
00270001_2023-07-06_H06M57S30_4eda1d3a59,0:00:32,0.22,0.18,0.24,False,False,False,0.4
00270001_2023-07-13_H09M39S52_6d69222edf,0:04:41,0.25,0.26,0.28,False,False,False,0.4
00270001_2023-07-13_H09M44S52_7dec9c69dd,0:04:30,0.26,0.3,0.52,False,False,True,0.4
00270001_2023-08-06_H08M27S18_3e8214443d,0:00:19,0.41,0.4,0.37,True,True,False,0.4
00270001_2023-08-09_H19M07S24_eef7fe0139,0:00:18,0.22,0.39,0.33,False,False,False,0.4
00270001_2023-08-14_H18M17S56_e6b90cbbca,0:03:17,0.43,0.47,0.39,True,True,False,0.4
00270001_2023-08-14_H18M47S56_f81c409d5f,0:04:15,0.27,0.18,0.62,False,False,True,0.4
00270001_2023-08-15_H18M24S56_fb00e4c0f2,0:00:03,0.31,0.37,0.52,False,False,True,0.4
00270001_2023-09-04_H16M01S36_928e929550,0:01:09,0.27,0.3,0.23,False,False,False,0.4
00270001_2023-09-04_H16M01S36_928e929550,0:04:59,0.16,0.3,0.3,False,False,False,0.4
00270001_2023-09-07_H06M42S26_ef7fa16730,0:01:45,0.34,0.25,0.71,False,False,True,0.4
00270001_2023-09-07_H06M57S26_f71d89a6da,0:04:16,0.24,0.23,0.16,False,False,False,0.4
00270001_2023-09-09_H18M27S28_c4ba2fba80,0:01:30,0.32,0.15,0.49,False,False,True,0.4
00270001_2023-09-09_H18M57S28_e54313b4c3,0:03:31,0.28,0.29,0.29,False,False,False,0.4
00270001_2023-09-09_H19M02S28_94c9094220,0:03:22,0.19,0.22,0.22,False,False,False,0.4
00270001_2023-10-17_H15M56S24_de2b3b3bd3,0:04:05,0.38,0.44,0.32,False,True,False,0.4
00270001_2023-10-24_H16M23S34_bae16e9074,0:04:13,0.17,0.18,0.16,False,False,False,0.4
00270001_2023-10-24_H16M33S34_1d812ae45c,0:03:13,0.25,0.27,0.25,False,False,False,0.4
00270001_2023-11-08_H19M06S34_f28f15d776,0:03:32,0.19,0.25,0.21,False,False,False,0.4
00270001_2023-11-11_H09M06S26_ff8f2ebc58,0:00:28,0.27,0.21,0.33,False,False,False,0.4
00270001_2023-11-16_H08M54S28_75c4237139,0:01:40,0.24,0.24,0.23,False,False,False,0.4
00270001_2023-11-17_H09M10S24_816d5a84ab,0:02:04,0.26,0.26,0.43,False,False,True,0.4
00270001_2023-11-17_H09M15S24_13b5e4a63a,0:01:11,0.76,0.3,0.8,True,False,True,0.4
00270001_2023-11-17_H09M15S24_13b5e4a63a,0:01:55,0.28,0.28,0.27,False,False,False,0.4
00270001_2023-11-22_H19M34S10_fcc009e024,0:00:17,0.15,0.21,0.17,False,False,False,0.4
00270001_2023-11-23_H17M50S52_d61ecf759f,0:03:03,0.16,0.18,0.24,False,False,False,0.4
00270001_2023-12-20_H19M19S26_86735b5f11,0:00:58,0.17,0.24,0.16,False,False,False,0.4
00270001_2024-01-05_H19M43S12_1ea9802854,0:04:30,0.18,0.21,0.22,False,False,False,0.4
00270001_2024-01-22_H11M57S44_67aed84307,0:02:24,0.77,0.56,0.85,True,True,True,0.4
00270001_2024-01-28_H10M25S54_f1ebdc0b7e,0:03:15,0.22,0.18,0.21,False,False,False,0.4
00270001_2024-01-30_H12M37S54_58e3b5ddb6,0:03:47,0.17,0.18,0.27,False,False,False,0.4
00270001_2024-01-30_H12M52S54_cf20a13d72,0:02:36,0.27,0.24,0.23,False,False,False,0.4
00270001_2024-02-11_H09M32S22_adf2c98c2d,0:02:05,0.33,0.39,0.39,False,False,False,0.4
00270001_2024-02-12_H19M02S52_e825ac7307,0:01:07,0.46,0.47,0.47,True,True,True,0.4
00270001_2024-02-23_H20M09S08_ef1e963076,0:02:52,0.5,0.56,0.55,True,True,True,0.4
00270001_2024-03-10_H09M16S06_55fe186109,0:02:06,0.19,0.15,0.31,False,False,False,0.4
00270001_2024-03-10_H09M31S06_9c6de7b998,0:00:37,0.32,0.31,0.29,False,False,False,0.4
00270001_2024-03-10_H09M41S06_d5a8a66186,0:01:01,0.34,0.35,0.33,False,False,False,0.4
00270001_2024-03-12_H09M43S06_17350cac01,0:02:46,0.18,0.22,0.29,False,False,False,0.4
00270001_2024-03-12_H09M53S06_8ed18bca58,0:02:17,0.38,0.2,0.61,False,False,True,0.4
00270001_2024-03-19_H08M20S10_189c0e6a59,0:04:35,0.22,0.22,0.32,False,False,False,0.4
00270001_2024-03-19_H08M25S10_d91edf76f9,0:00:33,0.32,0.24,0.55,False,False,True,0.4
00270001_2024-03-19_H08M35S10_049c99eaab,0:02:55,0.63,0.18,0.39,True,False,False,0.4
00270001_2024-03-19_H09M10S10_ccbebf2123,0:04:53,0.53,0.47,0.47,True,True,True,0.4
00270001_2024-04-08_H16M10S30_f5938b4cb0,0:02:24,0.66,0.76,0.7,True,True,True,0.4
00270001_2024-04-10_H08M50S36_6bfa5d0a2b,0:03:48,0.26,0.34,0.25,False,False,False,0.4
00270001_2024-04-10_H09M05S36_2bd84ec3dd,0:02:15,0.1,0.17,0.12,False,False,False,0.4
00270001_2024-04-10_H09M15S36_d36e4f69bb,0:03:23,0.18,0.21,0.4,False,False,True,0.4
00270001_2024-04-10_H09M15S36_d36e4f69bb,0:03:35,0.13,0.19,0.28,False,False,False,0.4
00270001_2024-04-10_H09M30S36_c789d4a0ab,0:00:22,0.68,0.33,0.77,True,False,True,0.4
00270001_2024-04-14_H09M49S30_c42797339b,0:01:47,0.34,0.41,0.41,False,True,True,0.4
00270001_2024-04-14_H10M14S30_144fa78a33,0:01:41,0.21,0.19,0.32,False,False,False,0.4
00270001_2024-04-17_H19M33S28_9c112985a5,0:01:19,0.9,1.02,0.97,True,True,True,0.4
00270001_2024-04-24_H08M45S44_c1dc8901de,0:03:21,0.23,0.26,0.23,False,False,False,0.4
00270001_2024-04-27_H17M05S22_bcab8f760d,0:03:52,0.15,0.21,0.16,False,False,False,0.4
00270001_2024-04-29_H11M51S20_64dbcd3f6a,0:02:17,0.23,0.33,0.41,False,False,True,0.4
00270001_2024-05-11_H19M18S10_9d95b7231e,0:02:32,0.26,0.31,0.25,False,False,False,0.4
00270001_2024-05-22_H09M24S42_447b989b9b,0:04:17,0.32,0.31,0.31,False,False,False,0.4
00270001_2024-05-26_H09M41S56_39e00e313e,0:04:29,0.41,0.3,0.28,True,False,False,0.4
00270001_2024-06-02_H09M19S30_a4493f8d89,0:03:10,0.15,0.19,0.19,False,False,False,0.4
00270001_2024-06-10_H18M57S34_6b599a5c04,0:01:53,0.36,0.15,0.65,False,False,True,0.4
00270001_2024-06-10_H18M57S34_6b599a5c04,0:02:33,0.31,0.17,0.43,False,False,True,0.4
00270001_2024-07-01_H18M41S38_67452d803c,0:03:48,0.2,0.17,0.54,False,False,True,0.4
00270001_2024-07-04_H19M35S08_ff84db0086,0:03:54,0.51,0.22,0.52,True,False,True,0.4
00270001_2024-07-04_H19M40S02_9158683e2b,0:02:35,0.33,0.36,0.25,False,False,False,0.4
00270001_2024-07-30_H19M40S06_4b5f69f756,0:03:01,0.83,0.77,0.79,True,True,True,0.4
00270001_2024-08-06_H10M06S58_6c73eb8797,0:00:05,0.38,0.13,0.72,False,False,True,0.4
00270001_2024-08-06_H10M36S58_a332dba008,0:04:18,0.29,0.31,0.21,False,False,False,0.4
00270001_2024-08-20_H18M18S34_f262cf4a1f,0:02:20,0.17,0.18,0.17,False,False,False,0.4
00270001_2024-08-20_H18M33S34_7de742c0b5,0:02:54,0.19,0.18,0.2,False,False,False,0.4
00320001_2023-11-05_2_d1cf88a5cb,0:05:30,0.89,0.7,0.9,True,True,True,0.4
00320001_2023-11-10_2_a72031293c,0:07:12,0.26,0.27,0.42,False,False,True,0.4
00320001_2023-11-19_1_f2cd61e736,0:04:01,0.42,0.39,1.01,True,False,True,0.4
00320001_2023-11-24_2_2a88945053,0:02:33,0.3,0.35,0.44,False,False,True,0.4
00320001_2023-11-29_2_baad088b44,0:02:56,0.28,0.19,0.27,False,False,False,0.4
00320001_2023-12-06_2_9e885c01a8,0:06:09,0.21,0.26,0.25,False,False,False,0.4
00320001_2023-12-06_3_9591bd365a,0:03:40,0.49,0.25,0.72,True,False,True,0.4
00320001_2023-12-29_2_d18e11a390,0:02:00,0.17,0.21,0.38,False,False,False,0.4
00320001_2024-01-01_3_bfc1d5bc35,0:12:18,0.79,0.84,0.84,True,True,True,0.4
00320001_2024-01-09_3_0559359bff,0:03:57,0.4,0.51,0.47,True,True,True,0.4
00320001_2024-01-13_1_1a89f3c712,0:03:06,0.43,0.22,0.86,True,False,True,0.4
00320001_2024-01-16_4_f70629e976,0:05:39,0.58,0.26,0.74,True,False,True,0.4
00320001_2024-01-16_4_f70629e976,0:06:13,0.83,0.98,0.99,True,True,True,0.4
00320001_2024-01-31_2_b984266ce8,0:07:39,0.53,0.4,0.45,True,True,True,0.4
00320001_2024-02-04_2_fc1ead048e,0:03:08,0.59,0.47,0.63,True,True,True,0.4
00320001_2024-02-10_1_61eaa6a53c,0:05:04,0.35,0.45,0.43,False,True,True,0.4
00320001_2024-02-10_3_9da1390beb,0:15:17,0.4,0.48,0.43,True,True,True,0.4
00320001_2024-02-17_1_aa16f266cc,0:00:24,0.89,0.96,0.95,True,True,True,0.4
00320001_2024-02-17_3_195c6f8833,0:03:55,0.38,0.37,0.34,False,False,False,0.4
00320001_2024-02-23_1_0329872eb7,0:13:22,0.24,0.2,0.27,False,False,False,0.4
00320001_2024-02-23_1_42fdd0d9e7,0:12:34,0.32,0.18,0.43,False,False,True,0.4
00320001_2024-02-23_3_82c3b60b5c,0:00:48,0.38,0.22,0.69,False,False,True,0.4
00320001_2024-02-24_1_2cbb101b1b,0:13:10,0.32,0.18,0.65,False,False,True,0.4
00320001_2024-03-03_3_830c1099c2,0:01:17,0.22,0.22,0.28,False,False,False,0.4
00320001_2024-03-17_1_8d4750d415,0:10:34,0.95,1.02,1.01,True,True,True,0.4
00320001_2024-03-17_2_62f3f6ae06,0:07:39,0.34,0.37,0.36,False,False,False,0.4
00320001_2024-03-20_1_c6f26c2706,0:10:30,0.25,0.2,0.4,False,False,True,0.4
00320001_2024-03-23_2_5e45823bed,0:10:55,0.15,0.22,0.28,False,False,False,0.4
00320001_2024-03-30_1_78be52948e,0:03:46,0.35,0.32,0.3,False,False,False,0.4
00320001_2024-03-31_3_2b54717906,0:00:19,0.43,0.48,0.45,True,True,True,0.4
00320001_2024-04-07_4_a582e11182,0:08:04,0.26,0.16,0.66,False,False,True,0.4
00320001_2024-04-14_1-1_6a30aa4a79,0:12:26,0.35,0.41,0.41,False,True,True,0.4
00320001_2024-04-14_2-1_e72ea5aed2,0:06:51,0.19,0.26,0.35,False,False,False,0.4
00320001_2024-04-14_2-1_e72ea5aed2,0:10:41,0.16,0.16,0.15,False,False,False,0.4
00320001_2024-04-14_3-1_a11ba64829,0:02:25,0.13,0.16,0.13,False,False,False,0.4
00320001_2024-04-21_3_4e197ecf52,0:03:53,0.39,0.24,0.71,False,False,True,0.4
00320001_2024-04-27_2_930ecc098c,0:08:30,0.22,0.23,0.53,False,False,True,0.4
00320001_2024-05-01_2_03e793f5d9,0:02:12,0.78,0.87,0.87,True,True,True,0.4
00320001_2024-05-04_1_f9a42af897,0:06:38,0.77,0.93,0.91,True,True,True,0.4
00320001_2024-05-04_4_793879d386,0:04:37,0.24,0.22,0.16,False,False,False,0.4
00320001_2024-05-11_1_1aa5837d4a,0:03:22,0.16,0.18,0.14,False,False,False,0.4
00320001_2024-05-19_1_4da59c8d09,0:03:54,0.83,0.77,0.77,True,True,True,0.4
00320001_2024-05-26_2_5d3505e522,0:11:42,0.88,0.97,0.94,True,True,True,0.4
00320001_2024-06-02_3_24aa1a230f,0:02:38,0.22,0.24,0.23,False,False,False,0.4
00320001_2024-06-09_1_1331fea500,0:01:15,0.61,0.71,0.76,True,True,True,0.4
00320001_2024-06-22_3_6f2d18df77,0:07:07,0.92,1.0,0.99,True,True,True,0.4
00320001_2024-07-07_3_0aaed385b7,0:02:15,0.2,0.24,0.26,False,False,False,0.4
00320001_2024-07-13_4_2e46d2b674,0:04:29,0.81,0.94,0.94,True,True,True,0.4
00320001_2024-07-21_1_f699c91a3f,0:05:55,0.16,0.21,0.19,False,False,False,0.4
00320001_2024-07-21_1_f699c91a3f,0:16:17,0.27,0.34,0.3,False,False,False,0.4
00320001_2024-07-27_2_317152076e,0:06:53,0.31,0.35,0.33,False,False,False,0.4
00320001_2024-07-27_2_317152076e,0:14:07,0.42,0.49,0.44,True,True,True,0.4
00320001_2024-07-28_1_292a87ede7,0:06:03,0.58,0.65,0.63,True,True,True,0.4
00320001_2024-08-02_1_8c51d31093,0:07:37,0.41,0.31,0.83,True,False,True,0.4
00320001_2024-08-11_2_ed0ede8726,0:01:29,0.74,0.88,0.79,True,True,True,0.4
00320001_2024-08-15_1_f0a137607b,0:13:11,0.86,0.84,0.85,True,True,True,0.4
00320001_2024-08-15_1_f0a137607b,0:13:24,0.93,1.0,0.96,True,True,True,0.4
00320001_2024-08-17_1_f914520ee2,0:02:13,0.21,0.23,0.22,False,False,False,0.4
00320001_2024-08-17_4_d2e26fce17,0:04:29,0.52,0.49,0.48,True,True,True,0.4
00320001_2024-08-25_1_190ee00983,0:00:09,0.15,0.2,0.17,False,False,False,0.4
00320001_2024-08-31_2_f5c323e973,0:05:07,0.86,0.89,0.87,True,True,True,0.4
00320001_2024-09-05_2_9e9a6d30d2,0:12:49,0.38,0.44,0.42,False,True,True,0.4
00320001_2024-09-15_1_a65be9ec0b,0:09:32,0.16,0.16,0.17,False,False,False,0.4
00320001_2024-09-15_1_abbaf85eb5,0:05:13,0.22,0.26,0.48,False,False,True,0.4
00320001_2024-09-15_1_c16fd8bc3f,0:03:32,0.19,0.24,0.41,False,False,True,0.4
00320001_2024-09-29_2_321e612af5,0:02:21,0.19,0.22,0.49,False,False,True,0.4
00320001_2024-10-06_2_476e121a94,0:00:50,0.36,0.27,0.49,False,False,True,0.4
00320001_2024-10-13_1_1d8162f2b7,0:00:24,0.2,0.24,0.29,False,False,False,0.4
00320001_2024-10-13_1_1d8162f2b7,0:05:19,0.22,0.21,0.19,False,False,False,0.4
00320001_2024-10-13_2_f8df80d89c,0:10:04,0.35,0.34,0.43,False,False,True,0.4
00320001_2024-10-20_2_9360c5cbca,0:09:35,0.59,0.69,0.62,True,True,True,0.4
00320001_2024-10-20_5_37a45111e2,0:04:43,0.32,0.16,0.69,False,False,True,0.4
00320002_2024-02-12_1_ef72700be0,0:06:21,0.36,0.4,0.39,False,True,False,0.4
00320002_2024-04-01_1_4c4ec35339,0:16:02,0.3,0.37,0.33,False,False,False,0.4
00320002_2024-04-19_1_d5e2abd789,0:11:39,0.25,0.31,0.29,False,False,False,0.4
00320002_2024-05-17_3_09ca7943c8,0:01:09,0.26,0.23,0.25,False,False,False,0.4
00320002_2024-05-20_1_0c74713cd3,0:00:28,0.74,0.95,0.84,True,True,True,0.4
00320002_2024-06-07_1_f9926246bd,0:02:58,0.26,0.25,0.52,False,False,True,0.4
00320002_2024-06-10_3_9b0a6e578c,0:10:58,0.16,0.22,0.17,False,False,False,0.4
00320002_2024-07-07_1_b9c2758a16,0:10:07,0.92,1.0,0.99,True,True,True,0.4
00320002_2024-07-11_3_65a36f8797,0:02:38,0.86,1.0,0.92,True,True,True,0.4
00320002_2024-08-16_1_2cf8121f13,0:01:14,0.23,0.24,0.63,False,False,True,0.4
00320002_2024-08-16_1_2cf8121f13,0:09:40,0.23,0.2,0.48,False,False,True,0.4
00320002_2024-08-19_1_6460e5718c,0:08:56,0.87,0.88,0.87,True,True,True,0.4
00320002_2024-08-31_1_14df422801,0:01:27,0.33,0.23,0.48,False,False,True,0.4
00320002_2024-09-15_1_6afd477484,0:06:23,0.93,1.06,1.03,True,True,True,0.4
00320002_2024-11-15_1_67744cd4df,0:01:16,0.61,0.43,0.9,True,True,True,0.4
00320002_2024-11-15_3_7b4e089a32,0:07:19,0.19,0.21,0.21,False,False,False,0.4
00320002_2024-11-24_1_80713d250f,0:09:15,0.33,0.23,0.49,False,False,True,0.4
00320003_2024-02-22_1_e33a1c5c24,0:14:23,0.14,0.12,0.12,False,False,False,0.4
00320003_2024-03-08_2_fd7d50ceb6,0:00:04,0.31,0.35,0.63,False,False,True,0.4
00320003_2024-03-10_1_cb83bcbb22,0:11:03,0.21,0.16,0.16,False,False,False,0.4
00320003_2024-03-17_1_d88df26ba3,0:10:14,0.61,0.78,0.75,True,True,True,0.4
00320003_2024-03-24_2_53a9b0ff2c,0:02:01,0.12,0.2,0.25,False,False,False,0.4
00320003_2024-03-24_2_7d972c7b1a,0:07:36,0.15,0.17,0.15,False,False,False,0.4
00320003_2024-05-04_1_bcb470a01a,0:10:19,0.56,0.66,0.64,True,True,True,0.4
00320003_2024-05-04_2_5344ba50cf,0:00:14,0.65,0.84,0.82,True,True,True,0.4
00320003_2024-05-19_1_337dc6d1e7,0:11:14,0.32,0.24,0.5,False,False,True,0.4
00320003_2024-05-19_1_ef9a26227b,0:01:54,0.3,0.28,0.74,False,False,True,0.4
00320003_2024-05-19_2_decdc11561,0:03:11,0.53,0.84,0.77,True,True,True,0.4
00320003_2024-06-02_1_fcbc9dbfec,0:03:43,0.77,0.84,0.81,True,True,True,0.4
00320003_2024-06-27_2_d8c28ae65c,0:04:24,0.22,0.29,0.28,False,False,False,0.4
00320003_2024-07-10_1_99da316247,0:03:34,0.48,0.67,0.66,True,True,True,0.4
00320003_2024-07-26_3_5390509fea,0:11:54,0.97,1.02,0.97,True,True,True,0.4
00320003_2024-08-24_2_aa393a33e9,0:04:11,0.26,0.3,0.29,False,False,False,0.4
00320003_2024-09-01_2_979d2ffd29,0:11:45,0.45,0.49,0.47,True,True,True,0.4
00320003_2024-09-08_2_d355c33f2a,0:03:26,0.73,0.78,0.76,True,True,True,0.4
00320003_2024-09-08_3_84d074bc74,0:07:38,0.14,0.15,0.13,False,False,False,0.4
00320003_2024-09-08_3_84d074bc74,0:10:43,0.23,0.25,0.2,False,False,False,0.4
00320003_2024-09-15_1_92f0476246,0:08:19,0.95,1.02,0.99,True,True,True,0.4
00320003_2024-09-15_3_83b4480cc4,0:01:28,0.23,0.29,0.27,False,False,False,0.4
00320003_2024-09-15_3_83b4480cc4,0:12:50,0.61,0.82,0.78,True,True,True,0.4
00320003_2024-09-21_1_233fb3ab15,0:07:01,0.51,0.46,0.5,True,True,True,0.4
00320003_2024-09-21_3_56648d4d29,0:07:47,0.4,0.54,0.54,True,True,True,0.4
00320003_2024-09-22_1_3131d3f8cb,0:08:38,0.23,0.22,0.2,False,False,False,0.4
00320003_2024-10-13_1_1d4a762718,0:10:52,0.21,0.21,0.19,False,False,False,0.4
00320003_2024-11-02_4_22f0bc6a99,0:01:43,0.16,0.19,0.16,False,False,False,0.4
00320003_2024-11-09_2_05c09e013b,0:11:17,0.21,0.32,0.31,False,False,False,0.4
00320003_2024-11-09_3_d65a1c42c7,0:08:43,0.19,0.22,0.2,False,False,False,0.4
00320003_2024-11-17_1_309c11e35d,0:01:35,0.18,0.22,0.15,False,False,False,0.4
00320003_2024-11-23_3_f6beacf463,0:09:43,0.51,0.56,0.6,True,True,True,0.4
00320003_2024-11-23_3_fdae97f584,0:00:48,0.47,0.54,0.49,True,True,True,0.4
00320003_2024-11-30_2_4c2ae003b1,0:02:55,0.25,0.25,0.26,False,False,False,0.4
00320003_2024-12-07_1_783dda0c19,0:05:38,0.24,0.22,0.45,False,False,True,0.4
00320003_2024-12-07_2_04f41681fa,0:00:01,0.46,0.53,0.47,True,True,True,0.4
00320003_2024-12-07_3_114d6b3874,0:13:14,0.31,0.21,0.27,False,False,False,0.4
00320003_2024-12-13_2_b374c7b7d3,0:01:45,0.35,0.39,0.32,False,False,False,0.4
00320003_2024-12-13_2_b374c7b7d3,0:05:31,0.29,0.27,0.44,False,False,True,0.4
00320003_2024-12-13_3_67e9f07e85,0:15:44,0.34,0.41,0.38,False,True,False,0.4
00320003_2024-12-15_3_7ed8f3ffd1,0:08:04,0.71,0.44,0.98,True,True,True,0.4
00350002_2024-12-11_1_046b221fe4,0:03:29,0.15,0.15,0.14,False,False,False,0.4
00360001_2024-08-06_2_cf788ae779,0:03:23,0.75,0.82,0.82,True,True,True,0.4
00360001_2024-08-20_1_4e45f7fa86,0:04:25,0.79,0.95,0.95,True,True,True,0.4
00360001_2024-08-20_1_4e45f7fa86,0:10:23,0.26,0.24,0.54,False,False,True,0.4
00360001_2024-08-20_1_6d8c7a2f45,0:05:24,0.18,0.13,0.2,False,False,False,0.4
00360001_2024-08-25_1_e9a12bd228,0:03:39,0.17,0.19,0.16,False,False,False,0.4
00360001_2024-09-04_1_ee3695d60b,0:01:44,0.44,0.31,0.34,True,False,False,0.4
00360001_2024-09-04_1_ee3695d60b,0:08:43,0.73,0.51,0.49,True,True,True,0.4
00360001_2024-09-04_1_ee3695d60b,0:10:50,0.96,1.01,0.99,True,True,True,0.4
00360001_2024-09-18_1_323ae99159,0:09:56,0.23,0.29,0.58,False,False,True,0.4
00360001_2024-09-25_1_8c619c1eb3,0:01:58,0.38,0.44,0.42,False,True,True,0.4
00360001_2024-09-25_2_d2aae6f677,0:00:17,0.21,0.29,0.29,False,False,False,0.4
00360001_2024-11-16_1_f769dd9bdc,0:16:29,0.93,1.0,1.0,True,True,True,0.4
00360001_2024-11-16_2_7140b437dd,0:02:11,0.37,0.17,0.56,False,False,True,0.4
00360001_2024-11-27_2_6e0cbed3dc,0:14:01,0.74,0.86,0.81,True,True,True,0.4
00360001_2024-12-14_1_8e08daf38c,0:06:41,0.91,1.07,0.99,True,True,True,0.4
00360001_2024-12-14_2_5e62305782,0:05:02,0.39,0.43,0.4,False,True,True,0.4
00360001_2024-12-14_2_5e62305782,0:07:02,0.28,0.21,0.32,False,False,False,0.4
00360001_2024-12-14_2_5e62305782,0:13:55,0.39,0.48,0.86,False,True,True,0.4
00370001_2024-01-02_3_f3f2baedc3,0:05:12,0.3,0.31,0.35,False,False,False,0.4
00370001_2024-01-03_2_e320aad0ce,0:04:21,0.89,0.95,0.91,True,True,True,0.4
00370001_2024-01-27_2_76e16eced3,0:00:48,0.27,0.3,0.22,False,False,False,0.4
00370001_2024-01-28_2_7c56c3da93,0:01:53,0.53,0.34,0.54,True,False,True,0.4
00370001_2024-02-18_1_6e8c28dc0e,0:10:29,0.24,0.24,0.23,False,False,False,0.4
00370001_2024-02-25_1_2f45f737a0,0:08:24,0.92,0.98,0.96,True,True,True,0.4
00370001_2024-02-25_1_2f45f737a0,0:10:12,0.23,0.22,0.21,False,False,False,0.4
00370001_2024-03-02_1_29e0c3e626,0:07:18,0.56,0.25,0.77,True,False,True,0.4
00370001_2024-03-02_2_93749bf4ac,0:08:24,0.81,1.0,0.99,True,True,True,0.4
00370001_2024-03-03_2_4d2a87677a,0:11:29,0.32,0.36,0.35,False,False,False,0.4
00370001_2024-03-04_3_c6c8d09151,0:08:03,0.29,0.36,0.35,False,False,False,0.4
00370001_2024-03-13_1_a4d73f8448,0:04:01,0.45,0.73,0.7,True,True,True,0.4
00370001_2024-03-15_2_47ffc295af,0:14:35,0.89,0.94,0.89,True,True,True,0.4
00370001_2024-03-16_1_6efdc81d22,0:07:46,0.91,1.02,0.98,True,True,True,0.4
00370001_2024-03-31_1_f7235bc3b9,0:07:13,0.85,1.0,0.98,True,True,True,0.4
00370001_2024-04-03_1_cfa0211173,0:09:05,0.21,0.16,0.18,False,False,False,0.4
00370001_2024-04-06_1_8a7163433f,0:00:04,0.21,0.25,0.24,False,False,False,0.4
00370001_2024-04-25_1_cab9e8e289,0:08:53,0.88,1.01,1.0,True,True,True,0.4
00370001_2024-06-01_1_2d39ce1fc1,0:01:20,0.24,0.25,0.28,False,False,False,0.4
00370001_2024-06-01_1_7eeebd0fd3,0:05:51,0.2,0.19,0.16,False,False,False,0.4
00370001_2024-06-01_2_8a5e1a8752,0:01:00,0.72,0.84,0.82,True,True,True,0.4
00370001_2024-07-20_2_facd959862,0:07:10,0.27,0.36,0.47,False,False,True,0.4
00370001_2024-07-26_2_baffbdeadb,0:02:11,0.46,0.47,0.63,True,True,True,0.4
00370001_2024-08-02_1_2ff1a571d4,0:00:03,0.24,0.29,0.47,False,False,True,0.4
00370001_2024-08-08_1_9d26946d91,0:07:32,0.87,1.01,0.99,True,True,True,0.4
00370001_2024-08-11_1_02f27f4076,0:04:27,0.37,0.37,0.41,False,False,True,0.4
00370001_2024-08-11_1_02f27f4076,0:06:10,0.21,0.19,0.29,False,False,False,0.4
00370001_2024-09-27_2_f6e1c452d4,0:12:01,0.63,0.64,0.67,True,True,True,0.4
00370001_2024-10-13_1_512e78125d,0:10:21,0.29,0.37,0.32,False,False,False,0.4
00370001_2024-11-23_3_36b0eea465,0:13:17,0.33,0.25,0.38,False,False,False,0.4
00370002_2024-01-24_4_03c5db64e2,0:01:59,0.17,0.3,0.28,False,False,False,0.4
00370002_2024-02-03_2_6c35fa7bf4,0:02:46,0.6,0.58,0.57,True,True,True,0.4
00370002_2024-03-09_2_63dd9dba63,0:02:55,0.86,0.92,0.89,True,True,True,0.4
00370002_2024-03-15_3_3858d97962,0:04:31,0.37,0.28,0.63,False,False,True,0.4
00370002_2024-03-17_3_9004aa7b9b,0:04:20,0.3,0.31,0.28,False,False,False,0.4
00370002_2024-03-23_3_0017b4e4df,0:00:07,0.3,0.3,0.29,False,False,False,0.4
00370002_2024-03-31_1_77e5fb713b,0:14:31,0.39,0.33,0.51,False,False,True,0.4
00370002_2024-03-31_2_ca9c2ef0d6,0:18:25,0.24,0.25,0.23,False,False,False,0.4
00370002_2024-04-07_1_eb816d657e,0:10:26,0.78,0.93,0.9,True,True,True,0.4
00370002_2024-04-07_3_de9e8314d8,0:06:22,0.22,0.26,0.28,False,False,False,0.4
00370002_2024-04-13_1_2f5686a63d,0:01:22,0.38,0.25,0.6,False,False,True,0.4
00370002_2024-04-14_1_e2c05d367d,0:05:19,0.42,0.54,0.5,True,True,True,0.4
00370002_2024-04-14_3_14a09138ad,0:10:19,0.31,0.33,0.3,False,False,False,0.4
00370002_2024-04-14_3_14a09138ad,0:10:47,0.27,0.31,0.56,False,False,True,0.4
00370002_2024-04-21_1_c47c932cfc,0:13:48,0.39,0.43,0.39,False,True,False,0.4
00370002_2024-04-26_1_c97e5c2abe,0:14:17,0.65,0.76,0.71,True,True,True,0.4
00370002_2024-04-26_2_dc0cc401f3,0:01:55,0.48,0.32,0.55,True,False,True,0.4
00370002_2024-04-27_3_991e356edf,0:04:51,0.4,0.19,0.2,True,False,False,0.4
00370002_2024-05-05_1_97b7a6654c,0:11:28,0.73,0.3,0.7,True,False,True,0.4
00370002_2024-05-24_1_c7722fd0ea,0:14:30,0.2,0.21,0.31,False,False,False,0.4
00370002_2024-05-24_2_87b0d489eb,0:11:13,0.18,0.14,0.12,False,False,False,0.4
00370002_2024-05-24_3_19a9df54c9,0:00:12,0.31,0.3,0.29,False,False,False,0.4
00370002_2024-05-24_3_19a9df54c9,0:01:36,0.25,0.24,0.19,False,False,False,0.4
00370002_2024-06-01_2_4825af1df5,0:00:19,0.23,0.27,0.24,False,False,False,0.4
00370002_2024-06-02_1_5a57e66e2b,0:02:04,0.22,0.25,0.24,False,False,False,0.4
00370002_2024-06-08_2_cc8093225e,0:05:16,0.14,0.19,0.16,False,False,False,0.4
00370002_2024-06-15_1_0af54ce5b8,0:03:12,0.16,0.21,0.29,False,False,False,0.4
00370002_2024-06-21_2_4098649a65,0:01:57,0.35,0.45,0.48,False,True,True,0.4
00370002_2024-06-23_2_5875dac865,0:04:47,0.27,0.41,0.39,False,True,False,0.4
00370002_2024-06-23_2_5875dac865,0:06:59,0.62,0.79,0.76,True,True,True,0.4
00370002_2024-06-29_3_ba3cf805b0,0:07:22,0.52,0.61,0.6,True,True,True,0.4
00370002_2024-07-01_1_efd0b3c8e9,0:10:03,0.15,0.18,0.15,False,False,False,0.4
00370002_2024-07-01_3_06139224c4,0:00:04,0.26,0.24,0.44,False,False,True,0.4
00370002_2024-07-26_1_8334063b86,0:08:00,0.89,0.94,0.92,True,True,True,0.4
00370002_2024-08-19_2_9061ab273d,0:08:22,0.65,0.37,0.82,True,False,True,0.4
00370002_2024-09-01_1_a3ce82d02f,0:00:36,0.93,1.0,0.96,True,True,True,0.4
00370002_2024-09-07_1_c295e6fc39,0:09:55,0.79,0.84,0.8,True,True,True,0.4
00370002_2024-09-08_1_30ddd3f745,0:00:59,0.73,0.23,1.03,True,False,True,0.4
00370002_2024-09-10_1_ddb87618eb,0:05:46,0.18,0.21,0.19,False,False,False,0.4
00370002_2024-09-11_1_2782a8b53c,0:12:25,0.28,0.31,0.52,False,False,True,0.4
00370002_2024-09-11_3_5c31a30dd8,0:01:44,0.33,0.29,0.55,False,False,True,0.4
00370002_2024-09-14_1_3f675ce30b,0:07:50,0.81,0.96,0.93,True,True,True,0.4
00370002_2024-09-16_1_75cd1a9250,0:00:37,0.27,0.25,0.23,False,False,False,0.4
00370002_2024-09-16_1_75cd1a9250,0:01:21,0.27,0.31,0.33,False,False,False,0.4
00370002_2024-09-16_1_d1d6259e77,0:00:53,0.29,0.26,0.48,False,False,True,0.4
00370002_2024-09-22_1_cae95002e5,0:05:18,0.25,0.18,0.66,False,False,True,0.4
00370002_2024-09-22_2_d3dc991d9c,0:10:48,0.28,0.36,0.34,False,False,False,0.4
00370002_2024-09-22_3_de35387f31,0:07:17,0.15,0.11,0.15,False,False,False,0.4
00370002_2024-09-29_1_40db744a2c,0:12:39,0.2,0.46,0.39,False,True,False,0.4
00370002_2024-09-29_1_40db744a2c,0:13:42,0.82,0.92,0.86,True,True,True,0.4
00370002_2024-09-29_3_2814d21833,0:13:05,0.56,0.65,0.65,True,True,True,0.4
00370002_2024-10-07_2_23c4b7fac0,0:00:21,0.21,0.2,0.22,False,False,False,0.4
00370002_2024-10-13_5_023f4bca47,0:00:10,0.42,0.43,0.56,True,True,True,0.4
00370002_2024-10-19_3_a093626fec,0:07:17,0.3,0.38,0.36,False,False,False,0.4
00370002_2024-10-23_1_27e8f669eb,0:08:03,0.18,0.19,0.13,False,False,False,0.4
00370002_2024-10-26_3_9db6a7dbf4,0:00:57,0.81,0.79,0.79,True,True,True,0.4
00370002_2024-11-02_3_804aeb99ea,0:09:39,0.26,0.28,0.19,False,False,False,0.4
00370002_2024-11-09_1_ac7eefe31a,0:02:18,0.27,0.24,0.34,False,False,False,0.4
00370002_2024-11-09_2_bb8c2fe2e0,0:00:06,0.44,0.25,0.57,True,False,True,0.4
00370002_2024-11-10_2_4658c846e2,0:00:48,0.26,0.22,0.57,False,False,True,0.4
00370002_2024-11-10_3_90e30bf70d,0:03:36,0.62,0.77,0.75,True,True,True,0.4
00370002_2024-11-10_3_90e30bf70d,0:09:58,0.84,0.89,0.85,True,True,True,0.4
00370002_2024-11-17_1_1fdfd5be24,0:03:03,0.31,0.34,0.71,False,False,True,0.4
00370002_2024-12-14_1_6215bf2832,0:01:08,0.15,0.19,0.18,False,False,False,0.4
00370002_2024-12-14_3_902d00b502,0:04:08,0.23,0.25,0.24,False,False,False,0.4
00390001_2024-08-12_1_bc42dc3009,0:06:59,0.26,0.18,0.68,False,False,True,0.4
00390001_2024-08-18_3_948340ddf0,0:06:02,0.15,0.15,0.15,False,False,False,0.4
00390001_2024-08-18_4_a53af19819,0:03:29,0.59,0.73,0.71,True,True,True,0.4
00390001_2024-12-08_1_e85e2ccb69,0:05:24,0.4,0.52,0.52,True,True,True,0.4
00400001_2023-06-15_2_edea922321,0:08:01,0.4,0.26,0.53,True,False,True,0.4
00400001_2023-06-16_1_e2a46f82b2,0:10:42,0.21,0.25,0.21,False,False,False,0.4
00400001_2023-06-18_1_9a6b5bbbd3,0:11:58,0.22,0.32,0.26,False,False,False,0.4
00400001_2023-06-19_1_60cc1c157f,0:03:07,0.67,0.2,0.87,True,False,True,0.4
00400001_2023-06-19_2_1b79899301,0:07:06,0.1,0.1,0.13,False,False,False,0.4
00400001_2023-06-20_3_6336f699dc,0:12:43,0.4,0.42,0.69,True,True,True,0.4
00400001_2023-06-27_1-1_9c0ade0038,0:06:02,0.7,0.76,0.75,True,True,True,0.4
00400001_2023-06-30_1-2_5fcc9204c1,0:05:05,0.65,0.45,0.3,True,True,False,0.4
00400001_2023-06-30_1-2_5fcc9204c1,0:07:05,0.23,0.27,0.19,False,False,False,0.4
00400001_2023-06-30_2-2_df1a53fe6d,0:08:51,0.47,0.52,0.47,True,True,True,0.4
00400001_2023-07-01_2_27110b351c,0:01:16,0.25,0.28,0.28,False,False,False,0.4
00400001_2023-07-01_4_43382195be,0:07:02,0.83,0.91,0.9,True,True,True,0.4
00400001_2023-07-01_5_98346adb78,0:04:21,0.24,0.19,0.22,False,False,False,0.4
00400001_2023-07-04_1_a4f486b558,0:13:52,0.17,0.38,0.31,False,False,False,0.4
00400001_2023-07-06_1-1_bdbb6b57df,0:09:21,0.36,0.4,0.38,False,True,False,0.4
00400001_2023-07-11_1_416f03a077,0:07:33,0.24,0.38,0.35,False,False,False,0.4
00400001_2023-07-18_1_312d4af0ba,0:04:30,0.95,1.02,0.97,True,True,True,0.4
00400001_2023-07-20_3_3875d779f2,0:04:14,0.94,1.0,0.95,True,True,True,0.4
00400001_2023-08-06_3_1af17793e0,0:07:08,0.82,0.98,0.99,True,True,True,0.4
00400001_2023-08-07_3_64431c435e,0:00:22,0.15,0.18,0.14,False,False,False,0.4
00400001_2023-08-08_3-2_d4a5874372,0:01:36,0.78,0.87,0.82,True,True,True,0.4
00400001_2023-08-08_3-2_d4a5874372,0:09:31,0.26,0.27,0.15,False,False,False,0.4
00400001_2023-08-09_2-3_8b6a5615aa,0:14:17,0.93,1.02,0.96,True,True,True,0.4
00400001_2023-08-16_1_af86738dca,0:04:57,0.16,0.16,0.27,False,False,False,0.4
00400001_2023-08-19_3_87e1e4af62,0:06:29,0.93,1.0,0.98,True,True,True,0.4
00400001_2023-08-25_2_de7e6de24f,0:01:06,0.58,0.49,0.42,True,True,True,0.4
00400001_2023-09-02_3_7fa0a03fa1,0:08:11,0.14,0.26,0.2,False,False,False,0.4
00400001_2023-09-04_2_6013bebe29,0:03:44,0.62,0.79,0.77,True,True,True,0.4
00400001_2023-09-06_1_2e14c8204f,0:06:02,0.13,0.18,0.16,False,False,False,0.4
00400001_2023-09-06_1_fa820c1f76,0:07:27,0.35,0.24,0.87,False,False,True,0.4
00400001_2023-09-10_1_b25c5eeadf,0:02:12,0.27,0.27,0.24,False,False,False,0.4
00400001_2023-09-10_3_75bda4180b,0:07:03,0.39,0.56,0.4,False,True,True,0.4
00400001_2023-09-12_1_e522f5f6e0,0:11:43,0.38,0.46,0.44,False,True,True,0.4
00400001_2023-09-12_2_49798bc1f7,0:02:01,0.31,0.21,0.2,False,False,False,0.4
00400001_2023-09-19_1_df53746bba,0:02:24,0.55,0.66,0.64,True,True,True,0.4
00400001_2023-09-23_2_533dfe1cb7,0:03:54,0.6,0.37,0.39,True,False,False,0.4
00400001_2023-09-24_2_0f0f14de51,0:11:46,0.39,0.48,0.48,False,True,True,0.4
00400001_2023-09-28_3_1490ddb610,0:13:42,0.23,0.25,0.24,False,False,False,0.4
00400001_2023-09-29_1_3b73f6226f,0:00:02,0.87,0.95,0.97,True,True,True,0.4
00400001_2023-09-29_3_056fe630c5,0:06:36,0.8,0.94,0.88,True,True,True,0.4
00400001_2023-09-30_1_6c708a4533,0:10:50,0.25,0.23,0.18,False,False,False,0.4
00400001_2023-10-01_2_6d4d59f939,0:00:55,0.69,0.93,0.89,True,True,True,0.4
00400001_2023-10-07_3_a23e300e3e,0:00:25,0.21,0.2,0.52,False,False,True,0.4
00400001_2023-10-09_1-1_44d7532405,0:05:44,0.25,0.3,0.21,False,False,False,0.4
00400001_2023-10-10_1-2_652cb6b05d,0:14:46,0.92,1.02,0.98,True,True,True,0.4
00400001_2023-10-10_3-2_97e104e210,0:04:35,0.25,0.29,0.27,False,False,False,0.4
00400001_2023-10-13_2_ee40407f6d,0:11:53,0.36,0.39,0.36,False,False,False,0.4
00400001_2023-10-21_1_83e4eb0690,0:05:59,0.49,0.34,0.7,True,False,True,0.4
00400001_2023-10-21_1_83e4eb0690,0:12:17,0.23,0.24,0.34,False,False,False,0.4
00400001_2023-10-22_1_f34687a50f,0:06:13,0.75,0.99,0.94,True,True,True,0.4
00400001_2023-11-08_1_3dd0154887,0:13:13,0.25,0.27,0.24,False,False,False,0.4
00400001_2023-11-11_2_74e3221961,0:03:42,0.72,0.85,0.82,True,True,True,0.4
00400001_2023-12-16_3_75d9b8c97e,0:07:53,0.28,0.29,0.29,False,False,False,0.4
00400001_2023-12-18_1_45eca28c85,0:12:37,0.3,0.34,0.32,False,False,False,0.4
00400001_2023-12-22_2_706971afb3,0:02:43,0.3,0.25,0.34,False,False,False,0.4
00400001_2023-12-22_3_4bae479e19,0:00:20,0.22,0.21,0.2,False,False,False,0.4
00400001_2023-12-29_1_04b2d9b51b,0:09:00,0.24,0.33,0.22,False,False,False,0.4
00400001_2023-12-29_2_82c141894f,0:01:58,0.35,0.38,0.34,False,False,False,0.4
00400001_2024-01-02_1_895378b949,0:03:38,0.34,0.45,0.43,False,True,True,0.4
00400001_2024-01-02_2_ad9ef45c18,0:06:42,0.25,0.27,0.49,False,False,True,0.4
00400001_2024-01-08_1_fa04a9816f,0:09:02,0.67,0.47,0.45,True,True,True,0.4
00400001_2024-01-13_1_64dcccac56,0:05:38,0.85,0.49,0.72,True,True,True,0.4
00400001_2024-01-15_1_77f79cd645,0:10:51,0.32,0.5,0.38,False,True,False,0.4
00400001_2024-01-16_3_d922fff4a0,0:08:48,0.36,0.47,0.4,False,True,True,0.4
00400001_2024-01-30_2_649db4ff2f,0:00:09,0.17,0.21,0.2,False,False,False,0.4
00400001_2024-03-31_1_01fc546713,0:08:01,0.39,0.45,0.77,False,True,True,0.4
00400001_2024-03-31_3_c72e3d327a,0:04:49,0.12,0.13,0.13,False,False,False,0.4
00400001_2024-04-19_1_06564f957e,0:07:37,0.24,0.29,0.46,False,False,True,0.4
00400001_2024-05-01_2_8d86ea8406,0:05:49,0.35,0.27,0.54,False,False,True,0.4
00400001_2024-05-01_2_8d86ea8406,0:07:10,0.28,0.29,0.3,False,False,False,0.4
00400001_2024-05-03_1_d8ea0c2efd,0:10:45,0.22,0.26,0.24,False,False,False,0.4
00400001_2024-05-29_1_252d1b58ee,0:01:51,0.24,0.13,0.46,False,False,True,0.4
00400001_2024-06-09_2_aa0a991e8a,0:16:44,0.8,0.85,0.82,True,True,True,0.4
00400001_2024-06-15_1_bf26d17381,0:13:03,0.89,1.03,1.0,True,True,True,0.4
00400001_2024-06-18_1_873b86db81,0:12:37,0.53,0.38,0.29,True,False,False,0.4
00400001_2024-06-22_2_ac17eebbda,0:00:43,0.16,0.18,0.16,False,False,False,0.4
00400001_2024-06-27_1_6eb515e5a3,0:01:19,0.51,0.68,0.47,True,True,True,0.4
00400001_2024-06-30_2_2513d0daed,0:06:25,0.49,0.54,0.79,True,True,True,0.4
00400001_2024-06-30_3_a69c8e8ddb,0:12:06,0.22,0.28,0.26,False,False,False,0.4
00400001_2024-07-03_1_3d1994f9f5,0:12:51,0.24,0.22,0.2,False,False,False,0.4
00400001_2024-07-06_2_e965b6e7b3,0:12:02,0.11,0.13,0.11,False,False,False,0.4
00400001_2024-07-10_1_b9c06a3d43,0:00:05,0.39,0.46,0.46,False,True,True,0.4
00400001_2024-07-12_1_1184850ebb,0:11:32,0.68,0.85,0.84,True,True,True,0.4
00400001_2024-07-25_1_72df26f7f1,0:02:16,0.31,0.36,0.31,False,False,False,0.4
00400001_2024-08-20_1_17cca6b136,0:04:09,0.76,1.02,1.01,True,True,True,0.4
00400001_2024-09-15_1_964b918b78,0:01:54,0.61,0.43,0.28,True,True,False,0.4
00400001_2024-09-15_1_964b918b78,0:02:20,0.25,0.26,0.26,False,False,False,0.4
00400001_2024-09-27_2_edde64f9fc,0:17:33,0.33,0.38,0.38,False,False,False,0.4
00400001_2024-10-06_1_27b7099279,0:11:10,0.63,0.61,0.39,True,True,False,0.4
00400001_2024-10-09_2_f4e8e4e6f4,0:03:42,0.39,0.36,0.46,False,False,True,0.4
00400001_2024-10-21_1_eca3a07725,0:02:49,0.52,0.4,0.68,True,True,True,0.4
00400001_2024-10-21_1_eca3a07725,0:14:55,0.27,0.31,0.3,False,False,False,0.4
00400001_2024-11-26_3_069db0a2ac,0:11:06,0.19,0.27,0.14,False,False,False,0.4
00400001_2024-12-01_2_6c016ade19,0:02:01,0.51,0.55,0.53,True,True,True,0.4
00400002_2023-11-26_1_a9d78efe8d,0:08:42,0.41,0.51,0.73,True,True,True,0.4
00400002_2023-12-05_1_8d274e31e7,0:10:19,0.19,0.2,0.19,False,False,False,0.4
00400002_2023-12-05_2_84e6a2854f,0:10:02,0.69,0.69,0.68,True,True,True,0.4
00400002_2023-12-19_2_b1b400a485,0:17:23,0.39,0.48,0.46,False,True,True,0.4
00400002_2023-12-21_2_f0a7b94c48,0:00:04,0.68,0.57,0.29,True,True,False,0.4
00400002_2023-12-28_1_18c24075e8,0:16:35,0.42,0.17,0.8,True,False,True,0.4
00400002_2023-12-28_3_b5e4c68d7a,0:03:41,0.57,0.63,0.63,True,True,True,0.4
00400002_2023-12-29_1_230f8c9a16,0:04:15,0.19,0.32,0.28,False,False,False,0.4
00400002_2024-01-06_2_d4ecd21561,0:15:51,0.31,0.45,0.42,False,True,True,0.4
00400002_2024-01-14_2_02b38263dc,0:04:35,0.46,0.63,0.62,True,True,True,0.4
00400002_2024-01-14_2_02b38263dc,0:10:44,0.72,0.79,0.77,True,True,True,0.4
00400002_2024-01-20_2_45e3e96fea,0:04:23,0.36,0.23,0.3,False,False,False,0.4
00400002_2024-01-21_2_f52a23652e,0:06:26,0.65,0.57,0.55,True,True,True,0.4
00400002_2024-02-01_2_290648127f,0:04:04,0.86,0.98,0.98,True,True,True,0.4
00400002_2024-02-04_3_58e04b1164,0:03:58,0.82,0.95,0.93,True,True,True,0.4
00400002_2024-02-11_1_7a3b8bcea3,0:11:53,0.72,0.78,0.75,True,True,True,0.4
00400002_2024-02-18_2_40a38a62f5,0:05:16,0.72,0.77,0.77,True,True,True,0.4
00400002_2024-02-20_3_11518948a5,0:06:37,0.42,0.23,0.82,True,False,True,0.4
00400002_2024-02-25_2_00bd90483f,0:05:43,0.35,0.4,0.31,False,True,False,0.4
00400002_2024-02-25_2_00bd90483f,0:17:04,0.31,0.24,0.33,False,False,False,0.4
00400002_2024-03-01_2_96aa14c100,0:17:18,0.18,0.18,0.11,False,False,False,0.4
00400002_2024-03-10_1_f15da920c8,0:18:55,0.22,0.21,0.56,False,False,True,0.4
00400002_2024-03-10_2_d960785be6,0:00:12,0.33,0.44,0.43,False,True,True,0.4
00400002_2024-03-18_2_2e91294274,0:09:26,0.31,0.32,0.3,False,False,False,0.4
00400002_2024-03-25_1_c7e8582aa6,0:04:30,0.23,0.25,0.64,False,False,True,0.4
00400002_2024-03-25_3_591df609ca,0:11:11,0.3,0.32,0.3,False,False,False,0.4
00400002_2024-04-01_1_01989ac0a3,0:03:57,0.37,0.23,0.74,False,False,True,0.4
00400002_2024-04-01_2_9e8d6d3e63,0:04:51,0.32,0.37,0.26,False,False,False,0.4
00400002_2024-04-01_4_3fecc1564b,0:07:14,0.55,0.7,0.67,True,True,True,0.4
00400002_2024-04-07_1_05aa6944a2,0:19:17,0.14,0.13,0.12,False,False,False,0.4
00400002_2024-05-12_3_19674a4bd5,0:00:05,0.54,0.29,0.67,True,False,True,0.4
00400002_2024-05-12_3_19674a4bd5,0:16:56,0.2,0.19,0.19,False,False,False,0.4
00400002_2024-05-18_1_7176d6e39e,0:05:12,0.7,0.91,0.88,True,True,True,0.4
00400002_2024-05-19_1_fcb400efac,0:05:27,0.4,0.27,0.73,True,False,True,0.4
00400002_2024-05-26_1_f643c1b449,0:15:44,0.32,0.4,0.31,False,True,False,0.4
00400002_2024-07-20_2_e6594e1fc0,0:16:54,0.9,0.99,0.96,True,True,True,0.4
00400002_2024-07-27_1_a31bc20e9a,0:03:33,0.47,0.3,0.74,True,False,True,0.4
00400002_2024-07-28_1_37578bff3a,0:18:59,0.46,0.55,0.54,True,True,True,0.4
00400002_2024-08-02_2_caaf9a4219,0:05:49,0.3,0.38,0.5,False,False,True,0.4
00400002_2024-08-04_1_911ae0316e,0:08:29,0.27,0.29,0.23,False,False,False,0.4
00400002_2024-08-08_3_5d4c4bed8b,0:14:35,0.19,0.21,0.21,False,False,False,0.4
00400002_2024-08-17_1_0c7918776d,0:10:34,0.17,0.2,0.15,False,False,False,0.4
00400002_2024-08-18_2_8f756076b6,0:06:11,0.28,0.34,0.32,False,False,False,0.4
00400002_2024-08-25_1_c962d2b1c9,0:10:58,0.18,0.21,0.19,False,False,False,0.4
00400002_2024-08-25_2_eab8be7660,0:03:40,0.26,0.3,0.26,False,False,False,0.4
00400002_2024-08-25_3_ff39f2a9df,0:08:18,0.23,0.18,0.32,False,False,False,0.4
00400002_2024-09-01_1_f9dc7d59a4,0:05:30,0.39,0.45,0.49,False,True,True,0.4
00400002_2024-09-01_2_14899797a5,0:01:28,0.46,0.6,0.58,True,True,True,0.4
00400002_2024-09-07_2_9674de0adb,0:00:56,0.16,0.18,0.16,False,False,False,0.4
00400002_2024-09-18_1_beb579c0aa,0:06:37,0.16,0.2,0.16,False,False,False,0.4
00400002_2024-09-18_2_6dd99362e3,0:00:38,0.26,0.25,0.5,False,False,True,0.4
00400002_2024-09-21_1_33742edced,0:07:45,0.32,0.27,0.45,False,False,True,0.4
00400002_2024-09-21_1_33742edced,0:08:57,0.34,0.41,0.38,False,True,False,0.4
00400002_2024-10-07_1_08574f1a0d,0:05:36,0.26,0.37,0.51,False,False,True,0.4
00400003_2023-11-29_1_da0aff5e58,0:05:18,0.22,0.25,0.24,False,False,False,0.4
00400003_2023-11-29_2_c50bb23742,0:01:39,0.89,1.01,0.99,True,True,True,0.4
00400003_2023-11-30_1_97b39ebbb5,0:05:45,0.29,0.24,0.67,False,False,True,0.4
00400003_2023-12-23_1_a0057ad854,0:07:09,0.12,0.14,0.13,False,False,False,0.4
00400003_2024-01-02_1_76eda24b5e,0:00:28,0.22,0.2,0.34,False,False,False,0.4
00400003_2024-01-02_1_76eda24b5e,0:01:59,0.44,0.2,0.62,True,False,True,0.4
00400003_2024-01-10_3_70b0bc2f87,0:05:32,0.27,0.26,0.3,False,False,False,0.4
00400003_2024-01-24_2_497bd10920,0:15:28,0.37,0.48,0.45,False,True,True,0.4
00400003_2024-01-26_1_d9c177c780,0:05:25,0.25,0.16,0.15,False,False,False,0.4
00400003_2024-02-22_1_098bd6d6af,0:10:12,0.84,0.92,0.91,True,True,True,0.4
00400003_2024-02-22_2_e8ad0cc88c,0:04:53,0.28,0.21,0.48,False,False,True,0.4
00400003_2024-03-04_3_efeddf55fe,0:11:54,0.48,0.57,0.53,True,True,True,0.4
00400003_2024-03-07_3_da5c57d830,0:12:23,0.75,0.95,0.9,True,True,True,0.4
00400003_2024-03-28_2_1ffdfe68de,0:11:51,0.86,1.03,1.03,True,True,True,0.4
00400003_2024-04-25_1_a894c7fb59,0:05:02,0.63,0.47,0.78,True,True,True,0.4
00400003_2024-05-09_1_506c878153,0:07:34,0.38,0.62,0.61,False,True,True,0.4
00400003_2024-05-30_1_827d4c14c9,0:13:19,0.92,1.02,0.99,True,True,True,0.4
00400003_2024-05-30_3_ac6e331884,0:02:32,0.2,0.25,0.3,False,False,False,0.4
00400003_2024-06-08_2_96a745ac3e,0:06:57,0.72,0.86,0.86,True,True,True,0.4
00400003_2024-06-08_2_96a745ac3e,0:14:51,0.91,1.01,0.98,True,True,True,0.4
00400003_2024-06-13_2_e6466dc69a,0:01:04,0.22,0.28,0.26,False,False,False,0.4
00400003_2024-06-15_2_e8f687da17,0:07:02,0.15,0.25,0.16,False,False,False,0.4
00400003_2024-07-14_2_d5cc274fdb,0:07:44,0.3,0.39,0.35,False,False,False,0.4
00400003_2024-07-14_3_971f58d0d4,0:05:06,0.91,0.99,0.98,True,True,True,0.4
00400003_2024-07-14_3_971f58d0d4,0:12:29,0.91,1.01,0.97,True,True,True,0.4
00400003_2024-08-28_3_c78f0c46bc,0:10:02,0.25,0.35,0.43,False,False,True,0.4
00400003_2024-08-28_3_c78f0c46bc,0:14:49,0.69,0.83,0.83,True,True,True,0.4
00400003_2024-11-02_1_c708ed1d98,0:00:56,0.27,0.29,0.48,False,False,True,0.4
00400003_2024-11-02_1_c708ed1d98,0:06:10,0.33,0.36,0.17,False,False,False,0.4
00400003_2024-12-01_2_3634045550,0:00:12,0.64,0.89,0.86,True,True,True,0.4
00420001_2024-03-29_1_907103b7fe,0:05:16,0.28,0.3,0.29,False,False,False,0.4
00420001_2024-04-06_1_bb2607f504,0:01:09,0.8,0.77,0.68,True,True,True,0.4
00420001_2024-04-06_1_bb2607f504,0:02:45,0.3,0.36,0.34,False,False,False,0.4
00420001_2024-04-06_3_96569cbd6e,0:07:35,0.23,0.19,0.35,False,False,False,0.4
00420001_2024-04-12_1_f1274f9176,0:00:01,0.28,0.36,0.27,False,False,False,0.4
00420001_2024-04-13_2_b881080dcc,0:01:20,0.77,0.6,0.82,True,True,True,0.4
00420001_2024-04-13_3_e41386ce09,0:08:13,0.87,0.95,0.94,True,True,True,0.4
00420001_2024-04-16_2_13c3a9ca2e,0:07:37,0.41,0.36,0.63,True,False,True,0.4
00420001_2024-04-20_4_9246f5e24a,0:03:38,0.73,0.84,0.82,True,True,True,0.4
00420001_2024-04-22_2_22b36b95ff,0:10:29,0.82,0.94,0.93,True,True,True,0.4
00420001_2024-04-23_5_1be85c49d9,0:03:21,0.2,0.23,0.21,False,False,False,0.4
00420001_2024-04-27_2_59b5f1edac,0:06:07,0.25,0.3,0.29,False,False,False,0.4
00420001_2024-04-29_3_956f79d9d4,0:07:09,0.45,0.4,0.37,True,True,False,0.4
00420001_2024-05-03_2_7c8754ec56,0:07:37,0.21,0.21,0.26,False,False,False,0.4
00420001_2024-05-04_1_306abba91c,0:07:20,0.2,0.23,0.23,False,False,False,0.4
00420001_2024-05-04_1_9991800cf4,0:03:02,0.78,0.94,0.92,True,True,True,0.4
00420001_2024-05-04_2_21afa937c4,0:01:15,0.27,0.32,0.29,False,False,False,0.4
00420001_2024-05-04_2_9ad908eef2,0:03:53,0.59,0.65,0.64,True,True,True,0.4
00420001_2024-05-04_3_1fc00880ad,0:10:06,0.29,0.28,0.27,False,False,False,0.4
00420001_2024-05-05_2_87345e42e6,0:02:51,0.42,0.43,0.68,True,True,True,0.4
00420001_2024-05-11_4_fddf9cf35b,0:04:54,0.21,0.25,0.46,False,False,True,0.4
00420001_2024-05-18_2_f909e1bfb6,0:09:59,0.9,0.89,0.88,True,True,True,0.4
00420001_2024-05-19_2_9875ff7520,0:09:13,0.65,0.34,0.75,True,False,True,0.4
00420001_2024-06-01_3_45cc10f38f,0:11:20,0.18,0.28,0.43,False,False,True,0.4
00420001_2024-06-01_3_5e79b1abe2,0:10:31,0.31,0.17,0.48,False,False,True,0.4
00420001_2024-06-07_2_9fc0755d3c,0:08:15,0.37,0.29,0.38,False,False,False,0.4
00420001_2024-06-08_2_213a109bd1,0:01:02,0.2,0.22,0.21,False,False,False,0.4
00420001_2024-06-09_1_941b9b5f1b,0:09:36,0.91,1.01,0.98,True,True,True,0.4
00420001_2024-06-21_2_f1aa91d014,0:01:47,0.2,0.22,0.22,False,False,False,0.4
00420001_2024-06-28_1_211f310e03,0:07:25,0.78,0.51,0.78,True,True,True,0.4
00420001_2024-06-28_1_8910b3e4ad,0:05:46,0.56,0.21,0.63,True,False,True,0.4
00420001_2024-06-28_2_5a12149a50,0:09:04,0.41,0.49,0.47,True,True,True,0.4
00420001_2024-07-06_2_1ba8ce8b5d,0:07:24,0.61,0.66,0.57,True,True,True,0.4
00420001_2024-07-07_1_d737b1fc94,0:06:04,0.44,0.16,0.77,True,False,True,0.4
00420001_2024-07-13_3_e5afa217d2,0:00:16,0.73,0.91,0.9,True,True,True,0.4
00420001_2024-07-28_1_84064767a7,0:00:16,0.53,0.19,0.67,True,False,True,0.4
00420001_2024-08-10_3_7d9e4683e7,0:05:28,0.38,0.31,0.84,False,False,True,0.4
00420001_2024-09-01_1_1772b0b3ba,0:04:19,0.19,0.18,0.21,False,False,False,0.4
00420001_2024-09-01_1_3f68a0c98f,0:06:55,0.38,0.39,0.32,False,False,False,0.4
00420001_2024-09-01_4_b2e0461569,0:02:58,0.15,0.27,0.31,False,False,False,0.4
00420001_2024-10-13_2_14975cbc11,0:01:46,0.5,0.48,0.47,True,True,True,0.4
00430001_2023-07-19_1_64b14e176b,0:03:24,0.29,0.37,0.35,False,False,False,0.4
00430001_2023-07-25_1_f1a0e17d34,0:04:31,0.32,0.36,0.33,False,False,False,0.4
00430001_2023-07-25_1_f1a0e17d34,0:09:19,0.11,0.17,0.15,False,False,False,0.4
00430001_2023-07-26_2_0fda236306,0:02:59,0.86,0.96,0.94,True,True,True,0.4
00430001_2023-07-31_2_b71533ae5a,0:03:54,0.48,0.58,0.46,True,True,True,0.4
00430001_2023-08-02_1_d89791d60c,0:04:08,0.4,0.53,0.52,True,True,True,0.4
00430001_2023-08-04_2_ad91749736,0:10:26,0.3,0.4,0.39,False,True,False,0.4
00430001_2023-08-04_3_b94b774d18,0:04:42,0.33,0.19,0.67,False,False,True,0.4
00430001_2023-08-08_2_f223c3c3c1,0:04:48,0.58,0.76,0.75,True,True,True,0.4
00430001_2023-08-23_1_c1a4695a80,0:03:42,0.3,0.32,0.31,False,False,False,0.4
00430001_2023-08-23_1_c1a4695a80,0:05:13,0.31,0.35,0.32,False,False,False,0.4
00430001_2023-08-23_1_c1a4695a80,0:08:04,0.34,0.42,0.4,False,True,True,0.4
00430001_2023-09-02_2_67139248ba,0:10:30,0.16,0.15,0.14,False,False,False,0.4
00430001_2023-09-07_2_31e67cae01,0:09:24,0.29,0.22,0.55,False,False,True,0.4
00430001_2023-10-06_2_8aae4938f8,0:09:57,0.33,0.43,0.39,False,True,False,0.4
00430001_2023-11-10_2_8db2a25e92,0:00:02,0.23,0.3,0.27,False,False,False,0.4
00430001_2023-12-03_1_6465d79e10,0:12:45,0.27,0.27,0.25,False,False,False,0.4
00430001_2023-12-03_2_f0d9616752,0:11:12,0.18,0.25,0.21,False,False,False,0.4
00430001_2023-12-05_2_d239e99783,0:10:45,0.75,0.92,0.91,True,True,True,0.4
00430001_2023-12-05_3_fdfd66d149,0:07:40,0.31,0.37,0.34,False,False,False,0.4
00430001_2023-12-09_3_73e4df0963,0:13:59,0.25,0.26,0.21,False,False,False,0.4
00430001_2024-01-14_2_60a950a70c,0:06:42,0.35,0.56,0.53,False,True,True,0.4
00430001_2024-01-27_1_2099b133e6,0:00:35,0.21,0.25,0.24,False,False,False,0.4
00430001_2024-01-29_1_d2deb81762,0:04:23,0.44,0.51,0.49,True,True,True,0.4
00430001_2024-02-29_2_0eb674f352,0:05:58,0.87,1.01,1.02,True,True,True,0.4
00430001_2024-11-27_1_76bc9971af,0:03:50,0.25,0.34,0.33,False,False,False,0.4
00430001_2024-11-27_1_76bc9971af,0:06:00,0.72,0.89,0.86,True,True,True,0.4
00430001_2024-11-27_1_76bc9971af,0:06:57,0.78,0.93,0.89,True,True,True,0.4
00430001_2024-12-03_1_8ed62d69cb,0:07:56,0.34,0.32,0.31,False,False,False,0.4
00430002_2024-05-20_2_59b9926d28,0:11:55,0.15,0.39,0.32,False,False,False,0.4
00440001_2024-02-25_1_1667bf4518,0:02:27,0.29,0.33,0.31,False,False,False,0.4
00440001_2024-04-22_1_2a7c7b7057,0:11:31,0.25,0.27,0.21,False,False,False,0.4
00440001_2024-04-22_1_69746be07f,0:12:44,0.25,0.26,0.22,False,False,False,0.4
00460001_2024-02-22_2_701cec818a,0:08:03,0.31,0.36,0.35,False,False,False,0.4
00460001_NA_2_ce033697ed,0:08:58,0.16,0.18,0.15,False,False,False,0.4
00490001_2014-02-10_1_c80a23bcae,0:00:15,0.93,1.03,0.97,True,True,True,0.4
00490001_2024-01-12_3_1c10fac0a0,0:07:31,0.33,0.33,0.31,False,False,False,0.4
00490001_2024-01-17_2_8ef3c7c361,0:03:33,0.22,0.24,0.22,False,False,False,0.4
00490001_2024-01-17_3_787659afbe,0:00:30,0.21,0.27,0.25,False,False,False,0.4
00490001_2024-03-13_1_20346c76c9,0:07:00,0.16,0.21,0.17,False,False,False,0.4
00490001_2024-04-16_3_e9856d4615,0:05:52,0.86,1.02,0.98,True,True,True,0.4
00490001_2024-04-16_3_e9856d4615,0:08:36,0.38,0.22,0.51,False,False,True,0.4
00490001_2024-05-22_1_64300bc8b3,0:01:52,0.27,0.36,0.37,False,False,False,0.4
00500001_2023-08-22_3_6952867b8b,0:06:03,0.64,0.69,0.79,True,True,True,0.4
00500001_2023-08-30_1_99c99d724d,0:07:21,0.39,0.6,0.54,False,True,True,0.4
00500001_2023-08-30_2_4383ac6941,0:02:50,0.92,1.06,1.06,True,True,True,0.4
00500001_2023-09-16_1_5c711de689,0:04:20,0.63,0.63,0.29,True,True,False,0.4
00500001_2023-09-16_2_aa0f9b84d4,0:06:25,0.73,0.83,0.81,True,True,True,0.4
00500001_2023-10-17_1_c08ee3818f,0:03:23,0.13,0.18,0.21,False,False,False,0.4
00500001_2023-10-21_2_c8a793fafb,0:06:25,0.76,0.84,0.84,True,True,True,0.4
00500001_2023-10-21_2_c8a793fafb,0:12:49,0.34,0.27,0.67,False,False,True,0.4
00500001_2023-10-29_1_1200c957cc,0:04:05,0.28,0.29,0.28,False,False,False,0.4
00500001_2023-11-04_1_0e8ab9a33e,0:05:05,0.65,0.68,0.67,True,True,True,0.4
00500001_2023-11-05_1_09c95bd751,0:06:50,0.17,0.23,0.18,False,False,False,0.4
00500001_2023-11-05_1_09c95bd751,0:14:11,0.27,0.25,0.51,False,False,True,0.4
00500001_2023-11-11_1_b8d379e673,0:00:41,0.37,0.25,0.61,False,False,True,0.4
00500001_2023-11-11_2_0244a2f624,0:06:28,0.61,0.53,0.72,True,True,True,0.4
00500001_2023-11-14_1_b333d20845,0:11:38,0.85,0.92,0.86,True,True,True,0.4
00500001_2023-11-19_2_697152db5e,0:00:51,0.33,0.42,0.41,False,True,True,0.4
00500001_2023-11-26_1_78789abe3f,0:04:28,0.86,0.95,0.95,True,True,True,0.4
00500001_2023-11-26_1_78789abe3f,0:12:04,0.62,0.78,0.77,True,True,True,0.4
00500001_2023-12-03_2_d53f2ff126,0:01:33,0.39,0.41,0.34,False,True,False,0.4
00500001_2023-12-03_3_1b769a2e41,0:11:24,0.26,0.3,0.27,False,False,False,0.4
00500001_2023-12-09_3_ab6dd158be,0:02:41,0.89,0.9,0.88,True,True,True,0.4
00500001_2023-12-10_1_6d046fd456,0:00:53,0.51,0.63,0.61,True,True,True,0.4
00500001_2023-12-10_1_6d046fd456,0:07:22,0.34,0.34,0.21,False,False,False,0.4
00500001_2023-12-16_1_5ed413e961,0:08:44,0.48,0.37,0.53,True,False,True,0.4
00500001_2023-12-21_3_6785b43f52,0:09:49,0.19,0.27,0.25,False,False,False,0.4
00500001_2023-12-31_1_48d5bc3d55,0:04:58,0.29,0.36,0.33,False,False,False,0.4
00500001_2023-12-31_2_514c2a17c9,0:11:06,0.45,0.48,0.46,True,True,True,0.4
00500001_2024-01-01_2_7bba7df417,0:14:53,0.13,0.17,0.2,False,False,False,0.4
00500001_2024-01-01_3_d53f68c2ab,0:04:33,0.56,0.53,0.5,True,True,True,0.4
00500001_2024-03-02_1_5346e43eb4,0:01:12,0.2,0.37,0.32,False,False,False,0.4
00500001_2024-03-03_3_7bce07046a,0:08:13,0.29,0.26,0.43,False,False,True,0.4
00500001_2024-03-07_2_b1d88857b2,0:05:58,0.76,0.81,0.85,True,True,True,0.4
00500001_2024-04-21_1_5104c7c79d,0:08:48,0.25,0.31,0.28,False,False,False,0.4
00500001_2024-05-19_1_8ab0a59df5,0:05:58,0.37,0.16,0.69,False,False,True,0.4
00500001_2024-05-25_1_ee62e3b092,0:05:21,0.23,0.21,0.2,False,False,False,0.4
00500001_2024-07-21_1_68c9e0a357,0:01:48,0.12,0.13,0.1,False,False,False,0.4
00500001_2024-08-03_2_bf297bd7f9,0:01:25,0.35,0.37,0.35,False,False,False,0.4
00500001_2024-08-10_2_e7344a12cb,0:04:13,0.5,0.61,0.58,True,True,True,0.4
00500001_2024-10-04_1_ca5ed54863,0:05:36,0.41,0.21,0.77,True,False,True,0.4
00500001_2024-12-01_1_e06a2fc7cd,0:04:08,0.2,0.2,0.34,False,False,False,0.4
00500001_2024-12-08_2_19aa56ec4a,0:11:09,0.34,0.4,0.39,False,True,False,0.4
00500001_2024-12-15_2_c1d8cfac65,0:11:38,0.17,0.15,0.27,False,False,False,0.4
00500001_2024-12-15_3_965f722150,0:05:50,0.76,0.87,0.86,True,True,True,0.4
00500001_NA_1_5bcf335829,0:04:36,0.31,0.33,0.32,False,False,False,0.4
00500001_NA_1_5bcf335829,0:06:48,0.32,0.18,0.47,False,False,True,0.4
00500001_NA_1_985fc15624,0:05:00,0.63,0.95,0.91,True,True,True,0.4
00510001_2024-03-28_1_9cc677d822,0:10:52,0.9,1.0,0.98,True,True,True,0.4
00510001_2024-04-12_1_ed79adadbd,0:07:56,0.37,0.48,0.47,False,True,True,0.4
00510001_2024-04-12_2_9fa5186591,0:06:44,0.29,0.31,0.3,False,False,False,0.4
00510001_2024-04-21_3_7ffaa3e7b7,0:04:49,0.56,0.67,0.65,True,True,True,0.4
00510001_2024-04-21_5_b79f97822f,0:09:51,0.94,1.05,1.02,True,True,True,0.4
00510001_2024-04-24_2_d765fd69ca,0:10:04,0.32,0.23,0.82,False,False,True,0.4
00510001_2024-04-27_2_cdbaeac9d7,0:06:26,0.87,0.97,0.95,True,True,True,0.4
00510001_2024-05-22_1_9494400259,0:08:08,0.37,0.4,0.44,False,True,True,0.4
00510001_2024-05-23_1_8687b45723,0:12:42,0.65,0.39,0.65,True,False,True,0.4
00510001_2024-06-02_2_60a7565029,0:06:21,0.59,0.39,0.3,True,False,False,0.4
00510001_2024-06-15_2_05edf34cdf,0:03:35,0.4,0.24,0.89,True,False,True,0.4
00510001_2024-07-10_1_003357f87d,0:01:08,0.83,0.98,0.89,True,True,True,0.4
00510001_2024-07-10_2_ef6d3f7f21,0:01:34,0.48,0.22,0.61,True,False,True,0.4
00510001_2024-07-13_1_c6349929d5,0:02:11,0.21,0.27,0.31,False,False,False,0.4
00510001_2024-07-19_2_2b5e5d27a2,0:13:30,0.28,0.34,0.21,False,False,False,0.4
00510001_2024-07-20_1_516220a3e6,0:01:55,0.85,0.97,0.92,True,True,True,0.4
00510001_2024-07-20_2_b2861f403b,0:00:21,0.31,0.43,0.16,False,True,False,0.4
00510001_2024-08-16_2_f49f84b8fb,0:11:38,0.23,0.24,0.24,False,False,False,0.4
00510001_2024-08-16_3_712123b3aa,0:07:04,0.36,0.44,0.43,False,True,True,0.4
00510001_2024-08-25_1_558f810d34,0:08:40,0.88,0.95,0.88,True,True,True,0.4
00510001_2024-08-25_1_558f810d34,0:10:15,0.95,1.02,1.0,True,True,True,0.4
00510001_2024-08-25_1_a5fcfd9621,0:03:02,0.6,0.77,0.73,True,True,True,0.4
00510001_2024-09-02_2_9957d0ee5f,0:09:02,0.24,0.24,0.74,False,False,True,0.4
00510001_2024-10-12_2_c1529a5a8e,0:02:25,0.29,0.3,0.27,False,False,False,0.4
00510001_2024-12-12_2_c7e4d01ebc,0:08:47,0.1,0.12,0.11,False,False,False,0.4
00510002_2024-06-11_1_8bec77ddff,0:06:33,0.82,0.95,0.95,True,True,True,0.4
00510002_2024-06-17_1_8cf4330fd2,0:06:34,0.41,0.47,0.46,True,True,True,0.4
00510002_2024-06-22_5_2a4bf7e02d,0:04:41,0.93,1.01,0.99,True,True,True,0.4
00510002_2024-06-26_3_6ef2c568e7,0:07:40,0.3,0.34,0.25,False,False,False,0.4
00510002_2024-07-01_1_a3f1ca2c0d,0:04:27,0.57,0.65,0.65,True,True,True,0.4
00510002_2024-07-01_3_7be7471947,0:10:01,0.26,0.37,0.34,False,False,False,0.4
00510002_2024-07-01_5_8aef16eb62,0:09:19,0.25,0.36,0.66,False,False,True,0.4
00510002_2024-07-08_3_1ec0c50d16,0:03:21,0.63,0.2,0.63,True,False,True,0.4
00510002_2024-07-10_1_ea97de96d8,0:14:10,0.17,0.69,0.62,False,True,True,0.4
00510002_2024-07-10_3_c0bef67936,0:09:06,0.73,0.83,0.82,True,True,True,0.4
00510002_2024-07-18_1_25721398af,0:02:21,0.91,0.96,0.92,True,True,True,0.4
00510002_2024-07-29_3_6b2ef9f7f6,0:02:45,0.44,0.52,0.5,True,True,True,0.4
00510002_2024-08-11_4_cf28fe970c,0:12:00,0.91,1.02,1.0,True,True,True,0.4
00510002_2024-08-12_1_098200aee3,0:10:35,0.62,0.52,0.75,True,True,True,0.4
00510002_2024-08-12_2_dfc73374ae,0:01:12,0.54,0.64,0.63,True,True,True,0.4
00510002_2024-08-12_2_dfc73374ae,0:01:35,0.25,0.27,0.26,False,False,False,0.4
00510002_2024-08-12_5_9bcba87839,0:11:06,0.67,0.76,0.75,True,True,True,0.4
00510002_2024-08-20_1_5a9c2a4361,0:07:37,0.22,0.28,0.26,False,False,False,0.4
00510002_2024-08-20_1_5a9c2a4361,0:08:18,0.77,0.86,0.86,True,True,True,0.4
00510002_2024-08-20_2_50022929a0,0:05:23,0.85,0.97,0.93,True,True,True,0.4
00510002_2024-08-20_4_15f09b8676,0:05:20,0.26,0.34,0.56,False,False,True,0.4
00510002_2024-08-26_3_a90cdfc5cd,0:04:49,0.24,0.28,0.27,False,False,False,0.4
00510002_2024-08-26_4_e6adec14f9,0:07:47,0.58,0.95,0.95,True,True,True,0.4
00510002_2024-08-26_4_e6adec14f9,0:10:39,0.33,0.24,0.59,False,False,True,0.4
00510002_2024-09-04_4_25ce873c73,0:10:33,0.58,0.82,0.78,True,True,True,0.4
00510002_2024-09-04_5_1cc715c878,0:03:27,0.29,0.21,0.65,False,False,True,0.4
00510002_2024-09-16_2_c5b020df5f,0:00:43,0.65,0.74,0.73,True,True,True,0.4
00510002_2024-09-16_4_5fd80e8b98,0:01:55,0.34,0.31,0.61,False,False,True,0.4
00510002_2024-09-16_4_5fd80e8b98,0:02:50,0.34,0.5,0.46,False,True,True,0.4
00510002_2024-09-23_1_2b3a4171df,0:07:27,0.26,0.32,0.31,False,False,False,0.4
00510002_2024-09-27_3_108a73eb90,0:10:04,0.21,0.16,0.26,False,False,False,0.4
00510002_2024-09-30_3_d2b19dd1a6,0:07:02,0.81,0.85,0.84,True,True,True,0.4
00510002_2024-09-30_5_aa7bb8bd39,0:09:21,0.89,0.98,0.98,True,True,True,0.4
00510002_2024-10-08_2_f770259765,0:11:44,0.33,0.24,0.69,False,False,True,0.4
00510002_2024-10-08_3_8bc23bdbd9,0:05:28,0.26,0.2,0.52,False,False,True,0.4
00510002_2024-10-15_3_f4ab0c0bbd,0:08:42,0.22,0.24,0.24,False,False,False,0.4
00510002_2024-10-22_3_21ca31234a,0:02:53,0.93,1.02,1.02,True,True,True,0.4
00510002_2024-11-05_1_034517fc1e,0:02:05,0.44,0.2,0.54,True,False,True,0.4
00510002_2024-11-12_1_3237844a1f,0:06:27,0.23,0.24,0.45,False,False,True,0.4
00510002_2024-11-12_2_ff91bd82e8,0:03:32,0.36,0.44,0.4,False,True,True,0.4
00510002_2024-11-18_1_8fd6907ea6,0:08:28,0.66,0.21,0.9,True,False,True,0.4
00510002_2024-11-25_3_30c40b1523,0:08:28,0.61,0.72,0.71,True,True,True,0.4
00550001_2023-11-20_1_6b23c75d04,0:13:52,0.16,0.13,0.11,False,False,False,0.4
00550001_2023-11-20_1_c2c236cb64,0:03:51,0.33,0.43,0.41,False,True,True,0.4
00550001_2023-11-20_1_c2c236cb64,0:08:10,0.45,0.39,0.61,True,False,True,0.4
00560001_2023-04-14_1_5ff6910f29,0:10:14,0.22,0.26,0.36,False,False,False,0.4
00560001_2023-04-14_2_00af803345,0:09:51,0.42,0.27,0.58,True,False,True,0.4
00560001_2023-05-26_3_2c704a9506,0:08:40,0.44,0.47,0.43,True,True,True,0.4
00560001_2023-06-23_3_7d3805e47f,0:07:34,0.33,0.18,0.69,False,False,True,0.4
00560001_2023-07-15_2_d24a7b3b75,0:04:46,0.39,0.22,0.44,False,False,True,0.4
00560001_2023-08-11_1_929cee9724,0:02:13,0.97,1.06,1.05,True,True,True,0.4
00560001_2023-09-02_1_6ffc1a97c0,0:07:35,0.32,0.29,0.6,False,False,True,0.4
00560001_2023-09-02_2_7b05f6e008,0:03:06,0.32,0.25,0.54,False,False,True,0.4
00560001_2023-09-23_1_1cf2626664,0:03:19,0.24,0.3,0.26,False,False,False,0.4
00560001_2023-09-25_1_94b585cc1e,0:04:15,0.33,0.38,0.38,False,False,False,0.4
00560001_2023-09-25_2_3df67a6c6d,0:08:50,0.52,0.61,0.6,True,True,True,0.4
00560001_2023-10-14_2_e1e9d8c853,0:05:55,0.26,0.35,0.39,False,False,False,0.4
00560001_2023-10-27_2_4e8ca5bdc6,0:00:11,0.38,0.4,0.38,False,True,False,0.4
00560001_2023-11-25_1_e7f0430081,0:12:42,0.41,0.47,0.46,True,True,True,0.4
00560001_2023-12-08_3_bb1b43c816,0:07:28,0.23,0.28,0.26,False,False,False,0.4
00560001_2023-12-11_1_6ea371330e,0:10:36,0.24,0.17,0.61,False,False,True,0.4
00560001_2023-12-11_2_33ef5139cc,0:01:59,0.41,0.43,0.42,True,True,True,0.4
00590001_2024-08-08_1_522db29e55,0:09:14,0.85,0.65,0.47,True,True,True,0.4
00590001_2024-08-08_1_522db29e55,0:10:43,0.47,0.5,0.48,True,True,True,0.4
00590001_2024-09-09_1_91ca7ff4db,0:05:39,0.21,0.25,0.23,False,False,False,0.4
00590001_2024-09-24_1_426aad7077,0:00:59,0.64,0.2,0.89,True,False,True,0.4
00590001_2024-09-25_1_f004ee5f9e,0:06:04,0.3,0.33,0.26,False,False,False,0.4
00590001_2024-09-27_2_84ca65ae3f,0:00:48,0.19,0.25,0.42,False,False,True,0.4
00680001_2023-04-21_1_cca5b7d85c,0:11:33,0.18,0.19,0.18,False,False,False,0.4
00680001_2023-04-23_1_d1d175b7ac,0:06:53,0.94,1.06,0.99,True,True,True,0.4
00680001_2023-04-25_2_18b1c0c8d7,0:10:38,0.56,0.63,0.62,True,True,True,0.4
00680001_2023-04-27_1_efbdf21380,0:11:09,0.57,0.54,0.7,True,True,True,0.4
00680001_2023-05-07_1_fa11904865,0:03:57,0.17,0.22,0.17,False,False,False,0.4
00680001_2023-05-13_2_933e393bc8,0:09:43,0.27,0.31,0.23,False,False,False,0.4
00680001_2023-05-15_2_4a3cf9db83,0:00:20,0.16,0.1,0.12,False,False,False,0.4
00680001_2023-05-27_1_c74217d88f,0:05:43,0.31,0.4,0.38,False,True,False,0.4
00680001_2023-05-27_1_c74217d88f,0:07:07,0.41,0.45,0.35,True,True,False,0.4
00680001_2023-05-28_1_df8fb36724,0:03:35,0.78,0.63,0.81,True,True,True,0.4
00680001_2023-06-03_1_0241caf670,0:04:07,0.33,0.55,0.54,False,True,True,0.4
00680001_2023-06-03_1_0241caf670,0:06:33,0.64,0.59,0.78,True,True,True,0.4
00680001_2023-06-04_2_ee52d70a99,0:08:03,0.52,0.49,0.57,True,True,True,0.4
00680001_2023-06-18_2_4490cc06a5,0:07:57,0.56,0.19,0.29,True,False,False,0.4
00680001_2023-06-24_2_af77337e91,0:00:29,0.34,0.39,0.38,False,False,False,0.4
00680001_2023-07-02_1_6d0f459006,0:06:48,0.43,0.4,0.35,True,True,False,0.4
00680001_2023-07-02_1_707a40bf07,0:08:37,0.88,0.99,0.93,True,True,True,0.4
00720001_2023-06-12_1_e34f296355,0:07:41,0.69,0.77,0.75,True,True,True,0.4
00720001_2023-06-22_1_82723c9473,0:09:11,0.54,0.89,0.86,True,True,True,0.4
00720001_2023-06-26_1_53718ee9b4,0:05:49,0.11,0.14,0.1,False,False,False,0.4
00720001_2023-07-28_2_b5e4d19754,0:03:05,0.31,0.36,0.33,False,False,False,0.4
00720001_2023-08-16_1_83cd038376,0:12:28,0.22,0.26,0.25,False,False,False,0.4
00720001_2023-08-28_1_112df35328,0:10:57,0.17,0.23,0.21,False,False,False,0.4
00720001_2023-08-28_1_112df35328,0:12:54,0.56,0.5,0.68,True,True,True,0.4
00720001_2023-08-31_1_40946b6b82,0:11:06,0.23,0.23,0.23,False,False,False,0.4
00720001_2023-09-17_4_a491bd691d,0:00:35,0.21,0.3,0.38,False,False,False,0.4
00720001_2023-09-26_1_2775c101be,0:10:54,0.41,0.19,0.45,True,False,True,0.4
00720001_2023-09-26_3_a841fda7ba,0:01:17,0.19,0.24,0.16,False,False,False,0.4
00720001_2023-09-26_3_a841fda7ba,0:02:50,0.19,0.13,0.12,False,False,False,0.4
00720001_2023-09-30_1_c954428697,0:03:01,0.59,0.3,0.35,True,False,False,0.4
00720001_2023-09-30_2_34429b42b3,0:02:34,0.21,0.2,0.21,False,False,False,0.4
00720001_2024-01-22_2_0d145210b5,0:02:47,0.21,0.23,0.14,False,False,False,0.4
00720001_2024-02-03_1_3a5c521a4b,0:04:53,0.22,0.22,0.2,False,False,False,0.4
00720001_2024-03-16_1_d35cc36ed0,0:10:12,0.42,0.53,0.51,True,True,True,0.4
00720001_2024-03-16_4_e45a575814,0:09:30,0.42,0.38,0.73,True,False,True,0.4
00720001_NA_2_99ec088a83,0:13:55,0.14,0.17,0.17,False,False,False,0.4
00720001_NA_2_99ec088a83,0:16:53,0.25,0.17,0.52,False,False,True,0.4
00720001_NA_4_f5a837d9be,0:04:37,0.18,0.22,0.22,False,False,False,0.4
00820001_2023-04-30_1_b43e370e3f,0:10:26,0.3,0.29,0.32,False,False,False,0.4
00820001_2023-05-06_1_a65890af27,0:08:37,0.33,0.4,0.39,False,True,False,0.4
00820001_2023-05-15_1_5e77303582,0:07:49,0.18,0.16,0.19,False,False,False,0.4
00820001_2023-05-15_2_754d90baba,0:09:28,0.33,0.37,0.32,False,False,False,0.4
00820001_2023-05-20_3_ab6a74267d,0:02:03,0.38,0.48,0.47,False,True,True,0.4
00820001_2023-05-24_3_2a874ad96f,0:03:29,0.17,0.17,0.19,False,False,False,0.4
00820001_2023-05-31_2_fe0cdedd1e,0:04:29,0.29,0.24,0.38,False,False,False,0.4
00820001_2023-07-13_3_ec5be615f1,0:09:27,0.2,0.18,0.37,False,False,False,0.4
00820001_2023-07-19_1_915c3be8f0,0:12:55,0.24,0.32,0.3,False,False,False,0.4
00820001_2023-07-25_2_18b478c1aa,0:05:44,0.46,0.33,0.61,True,False,True,0.4
00820001_2023-08-05_1_06f791ccdb,0:01:46,0.23,0.27,0.21,False,False,False,0.4
00820001_2023-08-14_2_75a9252491,0:08:15,0.66,0.21,0.78,True,False,True,0.4
00820001_2023-08-17_3_c59658476c,0:05:22,0.43,0.19,0.69,True,False,True,0.4
00820001_2023-09-09_3_9bd1bd694e,0:09:58,0.16,0.22,0.37,False,False,False,0.4
00820001_2023-09-09_4_21be4e5393,0:00:47,0.36,0.41,0.51,False,True,True,0.4
00820001_2023-09-12_2_4f563c2739,0:03:51,0.28,0.39,0.37,False,False,False,0.4
00820001_2023-09-14_3_1534df0269,0:09:43,0.23,0.17,0.28,False,False,False,0.4
00820001_2023-09-18_2_d55ce30bfc,0:01:14,0.69,0.61,0.49,True,True,True,0.4
00820001_2023-09-25_2_0dcb7ba731,0:07:36,0.17,0.25,0.35,False,False,False,0.4
00820001_2023-09-25_2_0dcb7ba731,0:08:54,0.21,0.2,0.16,False,False,False,0.4
00820001_2023-10-06_1_79929644a2,0:11:24,0.42,0.34,0.71,True,False,True,0.4
00820001_2023-10-18_4_3a66117f90,0:01:49,0.69,0.82,0.82,True,True,True,0.4
00820001_2023-11-01_1_d7731cb9e7,0:07:02,0.33,0.26,0.53,False,False,True,0.4
00820001_2023-11-08_1_7302fcb5f0,0:05:36,0.44,0.62,0.63,True,True,True,0.4
00820001_2023-11-08_4_f291ec9719,0:02:11,0.4,0.52,0.51,True,True,True,0.4
00820001_2023-11-20_3_f8bd38e585,0:09:34,0.24,0.24,0.18,False,False,False,0.4
00820001_2023-11-20_3_f8bd38e585,0:11:26,0.35,0.39,0.38,False,False,False,0.4
00820001_2023-11-29_1_427bb6f7d4,0:06:32,0.28,0.21,0.48,False,False,True,0.4
00820001_2023-12-09_2_c5ce6ef27f,0:04:11,0.23,0.2,0.23,False,False,False,0.4
00820001_2023-12-23_1_280cd33303,0:01:17,0.17,0.16,0.16,False,False,False,0.4
00820001_2024-01-10_1_9e1979ee9b,0:06:55,0.18,0.15,0.18,False,False,False,0.4
00820001_2024-01-10_4_01d78bb5f6,0:05:19,0.43,0.17,0.75,True,False,True,0.4
00820001_2024-01-12_1_f86ff001a3,0:00:16,0.38,0.52,0.47,False,True,True,0.4
00820001_2024-01-20_1_073bd53814,0:11:16,0.29,0.36,0.34,False,False,False,0.4
00820001_2024-02-05_1_8befee0ced,0:07:07,0.18,0.18,0.29,False,False,False,0.4
00820001_2024-02-05_3_5b3787c198,0:10:35,0.48,0.57,0.57,True,True,True,0.4
00820001_2024-02-19_1_8326b126ae,0:13:14,0.32,0.33,0.32,False,False,False,0.4
00820001_2024-02-19_2_3def027e30,0:00:50,0.33,0.35,0.33,False,False,False,0.4
00820001_2024-02-23_1_3335405e34,0:04:09,0.22,0.21,0.44,False,False,True,0.4
00820001_2024-03-03_2_106a11559a,0:06:29,0.63,0.77,0.75,True,True,True,0.4
00820001_2024-03-10_2_cd069ba888,0:09:47,0.29,0.31,0.41,False,False,True,0.4
00820001_2024-03-10_3_efb1e8175d,0:00:48,0.39,0.44,0.62,False,True,True,0.4
00820001_2024-03-24_2_f557c8c793,0:06:20,0.21,0.2,0.3,False,False,False,0.4
00820001_2024-04-09_1_54b8f243de,0:06:04,0.21,0.24,0.33,False,False,False,0.4
00820001_2024-04-09_3_a71a4ac5c9,0:06:05,0.3,0.25,0.52,False,False,True,0.4
00820001_2024-04-21_1_874fbcdbf2,0:03:17,0.41,0.17,0.79,True,False,True,0.4
00820001_2024-04-21_3_66ab0f1e66,0:03:30,0.25,0.24,0.33,False,False,False,0.4
00820001_2024-05-03_2_a3f81346c0,0:04:54,0.31,0.38,0.35,False,False,False,0.4
00820001_2024-05-29_1_3c0ac33ccb,0:01:23,0.57,0.21,0.9,True,False,True,0.4
00820001_2024-05-29_1_d421caef5c,0:06:26,0.75,0.62,0.91,True,True,True,0.4
00820001_2024-06-17_1_48579408dd,0:03:38,0.81,0.88,0.84,True,True,True,0.4
00820001_2024-06-17_2_ed95502dec,0:07:37,0.82,0.94,0.87,True,True,True,0.4
00820001_2024-06-29_2_95df3471e1,0:09:39,0.33,0.33,0.26,False,False,False,0.4
00820001_NA_1_799dc8fa4f,0:03:55,0.18,0.23,0.19,False,False,False,0.4
01420001_2024-05-20_1_10a1a67ed7,0:11:26,0.14,0.16,0.25,False,False,False,0.4
01420001_2024-05-20_2_295b8e7c26,0:07:24,0.26,0.27,0.24,False,False,False,0.4
01450001_2024-05-29_1_7eda2ff003,0:01:48,0.37,0.39,0.37,False,False,False,0.4
01450001_2024-07-24_1_84f1c8732c,0:04:20,0.35,0.38,0.46,False,False,True,0.4
01450001_2024-07-24_3_959f5f43a1,0:07:06,0.32,0.43,0.39,False,True,False,0.4
01480001_2024-01-31_4_edd2544e49,0:10:55,0.71,0.8,0.79,True,True,True,0.4
01480001_2024-02-14_2_b36ec1298a,0:02:13,0.79,0.93,0.89,True,True,True,0.4
01480001_2024-05-06_2_45bfa7584e,0:00:26,0.32,0.42,0.39,False,True,False,0.4
01520001_2024-01-29_3_4ad572a90e,0:03:52,0.25,0.26,0.25,False,False,False,0.4
01520001_2024-01-29_4_1f42d5db42,0:07:04,0.57,0.77,0.75,True,True,True,0.4
01520001_2024-02-21_1_964c2f55b4,0:01:11,0.16,0.19,0.21,False,False,False,0.4
01520001_2024-03-04_1_1e5ff9e9ac,0:05:01,0.35,0.48,0.33,False,True,False,0.4
01520001_2024-04-29_3_48c1b8e320,0:04:02,0.48,0.56,0.51,True,True,True,0.4
01540002_2024-07-22_1_680d3e34fc,0:04:26,0.75,0.89,0.86,True,True,True,0.4
01540002_2024-07-24_1_f34fd2cfc6,0:00:13,0.8,0.96,0.95,True,True,True,0.4
01540002_2024-07-24_1_f34fd2cfc6,0:02:31,0.83,0.98,0.97,True,True,True,0.4
01540002_2024-08-05_2_1a97b537c7,0:04:11,0.57,0.75,0.73,True,True,True,0.4
01560001_2024-03-04_1_ae9d593318,0:03:18,0.29,0.15,0.73,False,False,True,0.4
01560001_2024-05-08_1_2590eec6c2,0:00:30,0.29,0.32,0.29,False,False,False,0.4
01570002_2024-08-05_3_ae02df547b,0:01:33,0.38,0.47,0.44,False,True,True,0.4
01570002_2024-08-05_3_ae02df547b,0:04:27,0.15,0.33,0.25,False,False,False,0.4
01590001_2024-06-10_1_d6da4de372,0:06:20,0.74,0.75,0.74,True,True,True,0.4
01640001_2024-07-31_1_d03fb67b3c,0:05:23,0.28,0.37,0.35,False,False,False,0.4
01660001_2024-07-26_1_5779952db9,0:00:48,0.18,0.22,0.2,False,False,False,0.4
01670001_2024-02-05_1_4e53ac44f9,0:01:01,0.61,0.18,0.73,True,False,True,0.4
01670001_2024-02-05_2_e72e92f6c4,0:08:05,0.3,0.22,0.48,False,False,True,0.4
01670001_2024-02-05_4_9f3c6d67a1,0:03:04,0.76,0.88,0.84,True,True,True,0.4
01670001_2024-02-14_2_1f6a370c5b,0:04:03,0.61,0.73,0.72,True,True,True,0.4
01670001_2024-04-24_3_baca7196ce,0:00:08,0.41,0.29,0.77,True,False,True,0.4
01670001_2024-05-20_1_f157a92e56,0:01:19,0.83,0.86,0.82,True,True,True,0.4
01670001_2024-05-20_4_264323ec87,0:03:30,0.92,0.98,0.97,True,True,True,0.4
01670001_2024-05-20_5_924cba5e5b,0:00:22,0.61,0.63,0.59,True,True,True,0.4
01670001_2024-07-17_3_801f2e4f57,0:02:04,0.35,0.42,0.41,False,True,True,0.4
01670001_2024-07-24_2_8dd315910d,0:10:46,0.17,0.2,0.19,False,False,False,0.4
01670001_2024-07-24_2_8dd315910d,0:10:48,0.16,0.19,0.16,False,False,False,0.4
01700001_2024-08-07_1_e7947c1d38,0:09:08,0.17,0.24,0.21,False,False,False,0.4
01720001_2024-02-05_2_54166b59ba,0:09:36,0.52,0.57,0.54,True,True,True,0.4
01720001_2024-02-14_3_1ccf9c10a2,0:02:04,0.6,0.71,0.69,True,True,True,0.4
01720001_2024-03-04_2_c4c357cd7a,0:02:18,0.44,0.49,0.56,True,True,True,0.4
01720001_2024-03-06_4_b95b49050a,0:08:26,0.6,0.85,0.83,True,True,True,0.4
01740001_2023-07-17_2_f2a7df834b,0:01:59,0.5,0.61,0.6,True,True,True,0.4
01740001_2024-02-21_1_bc985c3897,0:09:33,0.51,0.63,0.61,True,True,True,0.4
01740001_2024-05-20_1_d3910fdc77,0:01:02,0.67,0.82,0.81,True,True,True,0.4
01740001_2024-06-05_1_75f38ed650,0:10:34,0.19,0.25,0.38,False,False,False,0.4
01740001_2024-06-05_2_03b5e0ded6,0:09:35,0.21,0.2,0.18,False,False,False,0.4
01740001_2024-07-15_1_16a674074f,0:07:11,0.96,1.03,1.02,True,True,True,0.4
01740001_2024-07-22_1_9251406923,0:03:06,0.24,0.27,0.3,False,False,False,0.4
01750001_2023-07-28_2_da6b87e278,0:03:47,0.57,0.74,0.7,True,True,True,0.4
01750001_2024-05-29_1_a05c22fc66,0:02:12,0.42,0.21,0.56,True,False,True,0.4
01750001_2024-06-03_2_b23ae6ba20,0:08:18,0.2,0.19,0.24,False,False,False,0.4
01750001_2024-06-03_4_e12c97dce2,0:02:14,0.33,0.39,0.38,False,False,False,0.4
01750001_2024-08-05_1_537eb51532,0:06:40,0.24,0.2,0.48,False,False,True,0.4
01920001_2024-02-07_2_b0888a814f,0:09:02,0.45,0.23,0.71,True,False,True,0.4
01920001_2024-07-22_1_ddc3ab3b78,0:06:59,0.46,0.18,0.62,True,False,True,0.4
01920001_2024-08-05_1_59eba7c2e6,0:05:43,0.88,0.97,0.96,True,True,True,0.4
01970001_2024-08-07_1_8c48e6c042,0:11:30,0.74,0.75,0.74,True,True,True,0.4
01970003_2024-02-07_2_8e8ab8f657,0:07:55,0.33,0.41,0.38,False,True,False,0.4
01970003_2024-02-07_3_0bb5419f70,0:06:03,0.4,0.62,0.61,True,True,True,0.4
01970003_2024-02-26_2_88dfde5be6,0:02:35,0.44,0.56,0.54,True,True,True,0.4
01970003_2024-04-29_1_616d334bf9,0:05:06,0.62,0.54,0.37,True,True,False,0.4
01980001_2024-07-29_2_f77a54b51f,0:02:21,0.63,0.77,0.72,True,True,True,0.4
01990002_2024-07-19_2_4f22a995ab,0:11:06,0.68,0.86,0.83,True,True,True,0.4
02080001_2024-02-28_3_ca466e277e,0:10:57,0.32,0.17,0.64,False,False,True,0.4
02100001_2024-01-24_4_71e63bff91,0:03:31,0.59,0.46,0.7,True,True,True,0.4
02100001_2024-06-05_1_3d6d5638ee,0:03:55,0.5,0.61,0.6,True,True,True,0.4
02100001_2024-06-10_1_f87928368c,0:08:08,0.31,0.41,0.39,False,True,False,0.4
02100001_2024-06-10_2_e579d6a0bf,0:00:23,0.37,0.49,0.44,False,True,True,0.4
02140001_2023-07-31_1_4b817f843e,0:06:17,0.86,1.0,0.99,True,True,True,0.4
02140001_2023-08-02_2_719c50076c,0:12:44,0.21,0.26,0.24,False,False,False,0.4
02140001_2023-08-07_1_730f65bc30,0:01:49,0.29,0.2,0.67,False,False,True,0.4
02140001_2023-08-07_2_d9f99314c7,0:10:18,0.18,0.27,0.92,False,False,True,0.4
02140001_2023-08-07_4_24afe444e6,0:01:25,0.31,0.29,0.59,False,False,True,0.4
02300001_2024-02-28_1_3cbce0cde0,0:03:11,0.67,0.71,0.69,True,True,True,0.4
02300001_2024-07-31_1_802d18d383,0:02:53,0.2,0.24,0.21,False,False,False,0.4
02370001_2023-07-14_1_16107de421,0:01:18,0.86,0.99,0.9,True,True,True,0.4
02370001_2023-07-17_3_7fcf8a614d,0:00:55,0.78,0.92,0.89,True,True,True,0.4
02390001_2023-07-21_1_85ba7bf076,0:11:40,0.2,0.28,0.25,False,False,False,0.4
02390001_2023-07-26_1_c134aac074,0:01:33,0.83,0.76,0.61,True,True,True,0.4
02390001_2023-07-26_2_b86a786d32,0:02:40,0.27,0.32,0.31,False,False,False,0.4
02390001_2024-04-17_3_c6b31c7676,0:04:12,0.46,0.5,0.59,True,True,True,0.4
02410001_2023-07-26_3_a4adb719b3,0:08:29,0.62,0.68,0.67,True,True,True,0.4
02410001_2023-08-09_1_f02da4ae4e,0:02:42,0.25,0.29,0.28,False,False,False,0.4
02410001_2023-08-09_3_c412bf8978,0:10:26,0.63,0.59,0.61,True,True,True,0.4
02410001_2024-01-31_2_a1ea1fcf1a,0:01:41,0.68,0.81,0.79,True,True,True,0.4
02410001_2024-02-14_1_e68c3f79a4,0:09:02,0.27,0.24,0.45,False,False,True,0.4
02410001_2024-05-20_1_6419ebc1b6,0:00:40,0.32,0.4,0.37,False,True,False,0.4
02410001_2024-05-20_1_6419ebc1b6,0:00:47,0.65,0.79,0.77,True,True,True,0.4
02410001_2024-05-20_1_6419ebc1b6,0:03:33,0.31,0.15,0.57,False,False,True,0.4
02410001_2024-06-05_1_dfd116036d,0:10:02,0.39,0.45,0.42,False,True,True,0.4
02450001_2023-08-02_2_9200af4326,0:06:58,0.2,0.26,0.25,False,False,False,0.4
02450001_2024-05-13_1_804f538b0f,0:06:57,0.72,0.45,0.78,True,True,True,0.4
02450001_2024-05-13_3_67caa22842,0:08:26,0.44,0.44,0.4,True,True,True,0.4
02450001_2024-06-03_3_5026cd47fe,0:03:58,0.15,0.13,0.12,False,False,False,0.4
02450001_2024-07-26_1_38ab4d7bec,0:16:49,0.16,0.64,0.56,False,True,True,0.4
02490001_2024-02-07_1_0cc567ede0,0:08:02,0.92,0.99,0.96,True,True,True,0.4
02490001_2024-02-07_2_6436f13fc8,0:12:26,0.41,0.48,0.46,True,True,True,0.4
02490001_2024-04-29_2_4c4ac58d9b,0:07:21,0.39,0.44,0.54,False,True,True,0.4
02490001_2024-04-29_4_8cdb9a73bf,0:05:50,0.76,0.8,0.86,True,True,True,0.4
02510001_2024-02-21_1_7a24f8494a,0:07:38,0.74,0.85,0.84,True,True,True,0.4
02510001_2024-05-20_3_52c211f7ef,0:07:44,0.17,0.21,0.24,False,False,False,0.4
02630001_2024-07-19_1_84b6db3f6a,0:07:09,0.17,0.21,0.23,False,False,False,0.4
02670001_2023-07-17_3_20dd6c5762,0:01:44,0.59,0.27,0.8,True,False,True,0.4
02670001_2023-07-17_3_20dd6c5762,0:06:25,0.3,0.3,0.28,False,False,False,0.4
02670001_2023-07-19_1_2c187925f9,0:00:26,0.44,0.56,0.52,True,True,True,0.4
02670001_2023-07-24_2_0d4f1dbdd3,0:02:02,0.28,0.32,0.28,False,False,False,0.4
02740001_2023-07-19_2_c85b6b3224,0:08:02,0.53,0.65,0.61,True,True,True,0.4
02740001_2023-07-19_2_c85b6b3224,0:08:47,0.27,0.33,0.43,False,False,True,0.4
02750001_2023-07-24_3_3360797ab7,0:00:13,0.22,0.13,0.47,False,False,True,0.4
02800001_2023-08-04_2_85acfde0c5,0:00:19,0.63,0.55,0.67,True,True,True,0.4
02950001_2023-07-21_1_7b0648911c,0:03:59,0.41,0.46,0.43,True,True,True,0.4
